tree
version=v4
num_class=1
num_tree_per_iteration=1
label_index=0
max_feature_idx=9
objective=binary sigmoid:1
feature_names=Column_0 Column_1 Column_2 Column_3 Column_4 Column_5 Column_6 Column_7 Column_8 Column_9
feature_infos=[0:0.99999999990990984] [0:0.99999999990909083] [0:0.99999998571428594] [-0.78260869565217395:0.48137931034482762] [-0.875:0.83433570256971024] [-0.37129690585911779:0.83793738489871084] [0:4.3767118938765615] [-0.21667478024978393:1.3695792130289777] [0:3.6822549941422369] [0:99.999999994579952]
tree_sizes=1724 1744 1745 1750 1747 1745 1736 1744 1743 1758 1743 1741 1738 1759 1745 1753 1770 1753 1746 1757 1766 1654 1644 1737 1736 1746 1763 1634 1744 1766 1426 1629 1767 1756 1753 1741 1745 1751 1773 1422 1744 1736 1544 1761 1757 1759 1752 1546 1441 1754 1747 1752 1548 1772 1761 1433 1546 1758 1633 1760 1441 1740 1755 1550 1747 1548 1757 1526 1660 1769 1536 1426 1741 1764 1636 1735 1742 1763 1763 1746 1546 1547 1544 1734 1764 1538 1769 1528 1771 1769 1419 1743 1440 1742 1427 1546 1764 1753 1750 1747

Tree=0
num_leaves=15
num_cat=0
split_feature=6 0 8 5 4 5 1 0 6 8 4 0 4 1
split_gain=443.418 456.582 308.701 251.919 208.607 147.098 109.168 74.4039 61.3971 46.2609 73.2255 45.5884 31.9102 13.0092
threshold=0.67034777895466779 0.49662146383401679 0.00069747219414901531 -0.0050066761252069982 -1.0000000180025095e-35 -0.024549983927997451 0.41176470487312578 0.43538899053937846 0.99999999999999178 0.01446556836129226 -0.0023584938458051092 0.74193547748872724 -0.12359742399281114 0.3181818131198349
decision_type=2 2 2 2 2 2 2 2 2 2 2 2 2 2
left_child=5 3 8 6 -5 7 -2 13 -3 -7 -11 -4 -9 -1
right_child=1 2 11 4 -6 9 -8 12 -10 10 -12 -13 -14 -15
leaf_value=-0.865573465658663 -0.88106387808696041 -0.92354364212384721 -0.93462523808809217 -0.95880461140478823 -0.89475024011218685 -0.98846693173508771 -0.79502843761047715 -0.85993116413748771 -0.83270439253839168 -0.98177115626598088 -0.94026366769004499 -0.9559754656488344 -0.94300429740006664 -0.78446504172138365
leaf_weight=8.1332784891128558 66.896215572953224 24.603167429566383 446.31365709006786 144.97568906843662 1031.2997124195099 193.3686960786581 82.146112740039825 14.843233242630957 76.249485835433006 193.77536000311375 235.2550802975893 568.51616638898849 52.256314292550087 12.606581658124922
leaf_count=40 329 121 2195 713 5072 951 404 73 375 953 1157 2796 257 62
internal_value=-0.924843 -0.914726 -0.938295 -0.894885 -0.902645 -0.959614 -0.833645 -0.899044 -0.854865 -0.968162 -0.959011 -0.946586 -0.924628 -0.816272
internal_weight=3151.24 2441 1115.68 1325.32 1176.28 710.239 149.042 87.8394 100.853 622.399 429.03 1014.83 67.0995 20.7399
internal_count=15498 12005 5487 6518 5785 3493 733 432 496 3061 2110 4991 330 102
is_linear=0
shrinkage=1


Tree=1
num_leaves=15
num_cat=0
split_feature=6 0 8 5 5 7 1 9 0 1 3 9 6 1
split_gain=404.84 407.315 274.333 213.694 136.142 134.012 88.1717 84.6388 76.3472 56.6781 44.323 14.616 14.5742 13.3039
threshold=0.67034777895466779 0.49662146383401679 0.00069747219414901531 -0.0050066761252069982 -1.0000000180025095e-35 0.32322329844045117 0.41176470487312578 99.999956832316784 0.54838708616025011 0.45780515582569248 -0.0061494498457753113 1.0000000180025095e-35 0.53062223174588874 0.37499997890625125
decision_type=2 2 2 2 2 2 2 2 2 2 2 2 2 2
left_child=4 3 9 6 8 -5 -2 -4 13 -3 11 -6 -12 -1
right_child=1 2 7 5 10 -7 -8 -9 -10 -11 12 -13 -14 -15
leaf_value=0.055835114123562325 0.040806734228175295 0.029220984208895608 -0.025434251001276727 -0.0019215757696214892 -0.012160342784777012 0.033254041695304701 0.11683640156361536 0.025150890622247436 -0.010092326311219512 0.10318370238307298 -0.058768030992384979 -0.037590548108297595 -0.036154648311312917 0.12034534099178099
leaf_weight=18.582337245345116 68.14687305688858 54.287506088614464 914.31847140192986 417.71264341473579 112.04744318127632 769.72073513269424 86.582452178001404 90.914427503943443 65.348051786422729 49.536956429481506 279.7971128821373 113.97916416823864 95.595118820667267 14.023509234189985
leaf_count=90 329 260 4540 2041 558 3744 404 451 322 236 1410 569 478 66
internal_value=-1.9331e-05 0.00955435 -0.0128674 0.0280819 -0.033574 0.02088 0.0833509 -0.0208593 0.0210885 0.0645102 -0.0424769 -0.0249841 -0.0530094 0.0835804
internal_weight=3150.59 2451.22 1109.06 1342.16 699.373 1187.43 154.729 1005.23 97.9539 103.824 601.419 226.027 375.392 32.6058
internal_count=15498 12005 5487 6518 3493 5785 733 4991 478 496 3015 1127 1888 156
is_linear=0
shrinkage=0.05


Tree=2
num_leaves=15
num_cat=0
split_feature=6 0 8 8 8 6 2 7 1 0 6 4 4 0
split_gain=370.721 344.068 193.234 104.402 100.848 72.3844 72.15 69.459 54.1358 40.1355 39.3143 74.5432 32.1621 25.7566
threshold=0.73961148260113085 0.59451951131933434 0.00069747219414901531 0.11155881590484908 0.19439076685448678 0.99999999999999178 0.4062499809570323 0.12874253580664799 0.45780515582569248 0.33724370039640389 0.16153292845523867 -0.0013015276225316061 1.0000000180025095e-35 0.38202247158818337
decision_type=2 2 2 2 2 2 2 2 2 2 2 2 2 2
left_child=3 4 8 10 5 -2 -6 13 -3 -9 -1 -12 -4 -5
right_child=1 2 12 7 6 -7 -8 9 -10 -11 11 -13 -14 -15
leaf_value=-0.062461608863939193 0.0063314460172033656 0.013162270345318118 -0.01638475140342651 0.1021009549973861 0.080341859676319113 0.030735731946707076 0.022723641411567748 0.0058522035750410237 0.095945092773427665 -0.030602846767037385 -0.06071910827186993 -0.012708676087497065 -0.039134563650771823 0.023900714333655593
leaf_weight=166.59666040539742 556.25473794341087 35.90419664978981 518.96361094713211 13.871610060334204 129.68894490599632 669.60929438471794 93.505563721060753 121.03417448699474 43.891097858548164 200.69335176050663 138.56349629163742 194.10819974541664 221.73421505093575 43.704976201057434
leaf_count=866 2690 170 2602 63 615 3226 451 599 201 1008 707 971 1114 215
internal_value=-3.44875e-05 0.010641 -0.0152309 -0.0276116 0.0252903 0.0196619 0.0562032 -0.00783695 0.0586966 -0.0168884 -0.0426348 -0.0327058 -0.0231951 0.0427411
internal_weight=3148.12 2269.55 820.493 878.572 1449.06 1225.86 223.195 379.304 79.7953 321.728 499.268 332.672 740.698 57.5766
internal_count=15498 11069 4087 4429 6982 5916 1066 1885 371 1607 2544 1678 3716 278
is_linear=0
shrinkage=0.05


Tree=3
num_leaves=15
num_cat=0
split_feature=6 0 5 7 9 5 5 0 1 7 3 6 9 7
split_gain=339.937 335.946 180.456 127.093 143.065 120.903 103.962 63.4279 55.8195 42.507 40.5395 13.8123 13.3054 11.9658
threshold=0.67034777895466779 0.38202247158818337 -0.0050066761252069982 0.49887367101005858 27.118642068371404 -1.0000000180025095e-35 0.0016300795510705293 0.54838708616025011 0.39999999978571438 0.12038458893961541 -0.0061494498457753113 0.53062223174588874 1.0000000180025095e-35 0.11025465318268117
decision_type=2 2 2 2 2 2 2 2 2 2 2 2 2 2
left_child=5 2 8 9 -5 7 -4 -1 -2 -3 12 -12 -7 -9
right_child=1 3 6 4 -6 10 -8 13 -10 -11 11 -13 -14 -15
leaf_value=0.075221056351655075 0.038852794678503708 0.00374896664975571 0.016880915995847231 0.041556566383916943 -0.0089119373710554832 -0.011032301754189101 0.0794786839712672 0.020800605899619847 0.10734963932377069 -0.029041622023864427 -0.056295293554427465 -0.033873432232477275 -0.035539051845209439 -0.024598278829360276
leaf_weight=33.873348370194435 45.501241907477379 119.51902620494366 935.02549007534981 208.60914222896099 429.58999164402485 110.77092060446739 71.392697706818581 21.954630643129349 85.881727144122124 571.03219921886921 265.55931940674782 92.648219719529152 110.7711648195982 42.826792478561401
leaf_count=156 214 595 4480 989 2147 558 338 107 379 2863 1410 478 569 215
internal_value=-4.61503e-05 0.00857492 0.028516 -0.00850049 0.00758478 -0.0313907 0.0213214 0.019778 0.0836275 -0.0233663 -0.040098 -0.050496 -0.0232857 -0.00921245
internal_weight=3144.96 2466.55 1137.8 1328.75 638.199 678.404 1006.42 98.6548 131.383 690.551 579.75 358.208 221.542 64.7814
internal_count=15498 12005 5411 6594 3136 3493 4818 478 593 3458 3015 1888 1127 322
is_linear=0
shrinkage=0.05


Tree=4
num_leaves=15
num_cat=0
split_feature=6 0 8 5 7 5 1 6 0 3 0 8 1 1
split_gain=312.029 313.166 208.191 184.269 124.881 94.992 54.7275 47.7279 39.9225 31.9102 23.262 10.242 10.2093 7.49047
threshold=0.60168967845130383 0.49662146383401679 0.00069747219414901531 -0.0050066761252069982 0.32322329844045117 -1.0000000180025095e-35 0.41176470487312578 0.99999999999999178 0.74193547748872724 -0.0017662645039588918 0.61200479519845408 0.35057821104198728 0.41818181620495876 0.52631578716528171
decision_type=2 2 2 2 2 2 2 2 2 2 2 2 2 2
left_child=5 3 7 6 -5 10 -2 -3 -4 13 12 -12 -1 -7
right_child=1 2 8 4 -6 9 -8 -9 -10 -11 11 -13 -14 -15
leaf_value=0.037655431389544636 0.038480916843029879 -0.0057258366911470734 -0.0082581884340169383 -0.0049416264342477543 0.027662783212327114 -0.035895517965735917 0.095027220340069773 0.071554834404676956 -0.027816856899062704 -0.054349813532819126 -0.01665316090008688 0.050560045843564973 0.10495583914163327 -0.016095989877586422
leaf_weight=17.975891724228863 75.093585804104805 26.225900888442993 470.50019787251949 458.87140740454197 815.84420530498028 117.01127099990845 99.467974439263344 83.87396040558815 585.67165116965771 265.23645226657391 28.568077027797699 7.0706102252006522 8.2081498205661756 80.721883207559586
leaf_count=83 350 123 2370 2227 3859 610 427 375 3002 1444 143 35 36 414
internal_value=-5.65932e-05 0.00700319 -0.0122832 0.0225235 0.0159259 -0.0352423 0.0707019 0.0531465 -0.0191039 -0.0430158 0.0229709 -0.00331826 0.0587527 -0.0278126
internal_weight=3140.34 2615.55 1166.27 1449.28 1274.72 524.792 174.562 110.1 1056.17 462.97 61.8227 35.6387 26.184 197.733
internal_count=15498 12733 5870 6863 6086 2765 777 498 5372 2468 297 178 119 1024
is_linear=0
shrinkage=0.05


Tree=5
num_leaves=15
num_cat=0
split_feature=6 5 0 6 0 6 0 9 7 5 4 3 6 6
split_gain=289.825 183.862 142.883 206.777 120.679 108.443 117.124 72.8849 41.4996 54.3275 37.3724 33.5615 30.4921 12.4968
threshold=0.99999999999997136 -0.059258357204135352 0.6216216090211838 1.0000538811309079 0.34615382618343332 0.53062223174588874 0.26036954365690212 99.999976967290905 0.32322330047089348 -0.010829783197364549 -0.12004901960784313 -0.0064882443326527142 0.99999999999999178 0.99999999999999178
decision_type=2 2 2 2 2 2 2 2 2 2 2 2 2 2
left_child=1 4 8 13 -1 11 -7 -5 9 -2 -6 -3 -10 -4
right_child=2 5 3 7 10 6 -8 -9 12 -11 -12 -13 -14 -15
leaf_value=0.090174054610038731 0.052601527388295155 -0.021228421638055526 0.025227743453873672 -0.033124582817819201 0.051085178085714347 0.011591737599870616 -0.022984900834064157 0.033274857710523555 0.010124056887510835 0.001112429092035712 -0.0057669948446002961 -0.053570936727924845 0.039430261193770993 0.073652503600047034
leaf_weight=58.606205224990845 65.478801086544991 117.13597148656845 16.673676386475563 298.94289317727089 37.129107505083084 354.52904053032398 792.16564527153969 47.958590880036354 105.72340512275696 235.43287287652493 130.52959825098515 254.45087520778179 553.11894729733467 66.29847714304924
leaf_count=251 292 608 81 1548 183 1707 4006 241 497 1130 654 1427 2580 293
internal_value=-6.50811e-05 -0.0136352 0.016971 -0.00698544 0.0284125 -0.0199015 -0.0122947 -0.023945 0.027701 0.0123165 0.00682329 -0.0433755 0.0347275 0.0639213
internal_weight=3134.17 1744.55 1389.63 429.874 226.265 1518.28 1146.69 346.901 959.754 300.912 167.659 371.587 658.842 82.9722
internal_count=15498 8836 6662 2163 1088 7748 5713 1789 4499 1422 837 2035 3077 374
is_linear=0
shrinkage=0.05


Tree=6
num_leaves=15
num_cat=0
split_feature=6 0 5 5 4 0 9 6 9 6 4 1 4 2
split_gain=264.759 236.274 135.631 90.149 106.022 72.9742 66.5508 101.62 66.9185 44.5504 90.849 44.4846 32.84 9.3481
threshold=0.73961148260113085 0.59451951131933434 -1.0000000180025095e-35 -0.041839303881282423 -0.004615134171314538 0.36507936421012854 1.9230768528106525 0.9999999999999768 99.999861904952851 0.16153292845523867 -0.0013015276225316061 0.44827583888228439 -0.12359742399281114 0.43749999772135423
decision_type=2 2 2 2 2 2 2 2 2 2 2 2 2 2
left_child=2 3 5 11 -5 13 7 -3 -8 -4 -11 -2 -7 -1
right_child=1 6 9 4 -6 12 8 -9 -10 10 -12 -13 -14 -15
leaf_value=0.10002401005177573 0.031992795791503742 -0.037658685313648771 -0.057543406088564231 -0.019399892562966474 0.022125317836512559 0.056424507891739452 -0.027228933488856556 0.041183307593075646 0.022241853409334853 -0.051980273284507855 -0.0097259296875996971 0.092143035259850986 -0.012313930311860351 0.044311214249819479
leaf_weight=23.4222661703825 62.740603119134903 62.891532480716705 153.00930796563625 176.4429417848587 1193.2114791870117 21.045587584376335 541.77519735693932 116.72160312533379 78.228195741772652 214.3029979467392 313.00918243825436 60.26118192076683 99.645577117800713 11.096269235014914
leaf_count=98 289 319 893 849 5594 100 2840 537 391 1164 1622 250 503 49
internal_value=-7.35087e-05 0.00870911 -0.0241685 0.0204582 0.0167759 0.0180075 -0.0132232 0.0135768 -0.020987 -0.0337907 -0.0268984 0.0614617 -0.000327628 0.0821147
internal_weight=3127.8 2292.27 835.531 1492.66 1369.65 155.21 799.617 179.613 620.003 680.321 527.312 123.002 120.691 34.5185
internal_count=15498 11069 4429 6982 6443 750 4087 856 3231 3679 2786 539 603 147
is_linear=0
shrinkage=0.05


Tree=7
num_leaves=15
num_cat=0
split_feature=6 8 5 5 9 6 2 3 8 9 2 9 7 6
split_gain=244.309 142.59 77.4267 62.1102 64.8171 43.5302 31.4118 29.2557 27.5897 11.6117 11.1569 8.95761 7.07587 6.76999
threshold=0.60168967845130383 0.00069747219414901531 -1.0000000180025095e-35 -0.10619760898498613 99.999861904952851 0.99999999999999178 0.2640199093260161 -0.0017662645039588918 0.37000009314520671 1.0000000180025095e-35 0.1842105259522161 17.647053287199402 0.87034992182432602 0.99999999999995015
decision_type=2 2 2 2 2 2 2 2 2 2 2 2 2 2
left_child=2 5 10 8 -5 13 -7 9 -3 -4 -1 -12 -9 -2
right_child=1 3 7 4 -6 6 -8 12 -10 -11 11 -13 -14 -15
leaf_value=-0.0076124297484719246 -0.013659628880989365 0.022999427480548729 -0.013219816879844646 -0.0027798130687679205 0.030149128720775131 0.029182545268156654 0.066524932245531687 -0.052181778122653566 0.07871537563763023 -0.03794672316243148 -0.013760980803807369 0.047467952056532481 0.018685568264121127 0.016785357630939621
leaf_weight=23.3584885597229 24.063606947660446 93.719133213162422 99.651875242590904 2012.7151064574718 161.42841474711895 105.64959144592285 120.60085152089596 240.81855365633965 29.123965576291084 90.684964865446091 7.346905142068862 31.950633749365807 3.5745952427387229 75.708440721035004
leaf_count=114 114 448 530 9905 777 466 538 1424 134 494 34 149 20 351
internal_value=-8.08496e-05 0.00601146 -0.0322092 0.00161949 -0.000334866 0.0369551 0.0490876 -0.0396985 0.0362087 -0.0250008 0.0197541 0.0360208 -0.0511452 0.00944246
internal_weight=3120.4 2623.01 497.386 2296.99 2174.14 326.022 226.25 434.73 122.843 190.337 62.656 39.2975 244.393 99.772
internal_count=15498 12733 2765 11264 10682 1469 1004 2468 582 1024 297 183 1444 465
is_linear=0
shrinkage=0.05


Tree=8
num_leaves=15
num_cat=0
split_feature=0 1 5 4 8 0 4 9 1 0 2 5 8 0
split_gain=175.723 199.045 153.967 310.457 118.509 65.9575 59.0055 61.6615 44.6143 40.006 18.6921 14.3836 8.00815 4.25842
threshold=0.59451951131933434 1.0000000180025095e-35 -0.0042173830882271104 -0.0023584938458051092 0.00069747219414901531 0.22448979557476054 -0.12004901960784313 99.9999368351463 0.45780515582569248 0.051282049835634523 0.15151515149219472 -0.071137496961374988 0.0005822465640460485 0.85081173031941748
decision_type=2 2 2 2 2 2 2 2 2 2 2 2 2 2
left_child=1 9 5 -4 8 -3 11 -8 10 -1 -2 -6 -11 -10
right_child=4 2 3 -5 6 -7 7 -9 13 12 -12 -13 -14 -15
leaf_value=-0.053366529623507457 -0.041307799623688531 0.082068596247446723 -0.041308197952935805 0.01751641974824588 0.050701572544251367 0.028736845158460159 -0.02826580535693602 0.017302999458405008 0.08154056567850021 0.062910002097668991 0.028246957180959799 -0.015939454735968819 -0.0046369842945511415 0.049692146809961049
leaf_weight=144.6013665497303 16.305618330836296 98.895743548870087 268.4901879131794 1362.6884469687939 33.749484822154045 140.10559669137001 849.55027583241463 81.344886854290962 32.738001689314842 5.0681888163089743 23.69738706946373 10.652732029557226 32.692120313644409 15.448493540287016
leaf_count=890 75 412 1406 6435 164 633 4535 400 137 23 105 56 162 65
internal_value=-8.34417e-05 0.00846335 0.0133255 0.00783395 -0.0165788 0.0508049 -0.0215979 -0.0242838 0.0389272 -0.0413992 -0.000104246 0.0347134 0.00442917 0.07133
internal_weight=3116.03 2052.54 1870.18 1631.18 1063.49 239.001 975.297 930.895 88.1895 182.362 40.003 44.4022 37.7603 48.1865
internal_count=15498 9961 8886 7841 5537 1045 5155 4935 382 1075 180 220 185 202
is_linear=0
shrinkage=0.05


Tree=9
num_leaves=15
num_cat=0
split_feature=6 5 0 4 6 0 6 5 4 7 7 5 0 2
split_gain=214.08 138.226 129.288 114.792 120.112 105.81 155.728 71.1524 44.7256 36.6299 34.0099 42.881 26.9839 23.9484
threshold=0.99999999999997136 -0.0074174806424753817 0.49999999992199545 -0.0018885892826571158 0.16153292845523867 0.6216216090211838 1.0000538811309079 1.0000000180025095e-35 -0.099815083123638557 0.67677665695101441 0.32322329844045117 -0.010829783197364549 0.13373983656929742 0.52173905103971185
decision_type=2 2 2 2 2 2 2 2 2 2 2 2 2 2
left_child=1 2 13 7 -5 10 -7 -3 -4 -8 11 -2 -12 -1
right_child=5 3 8 4 -6 6 9 -9 -10 -11 12 -13 -14 -15
leaf_value=0.067928411902405381 0.043381473582026979 -0.05442683699932032 0.030194495600169548 -0.054628842520326994 -0.0040530920290571112 0.053368832645995512 -0.034426723045944081 0.0095215865585804582 -0.018898134144543013 -0.00024389488530847243 0.044998448169133017 -0.002219294771380624 0.023130606924920933 0.015598757246039572
leaf_weight=97.629144445061684 67.791194960474968 286.40147498250008 62.490283474326134 135.99875548481941 858.06773161888123 86.332566112279892 213.63174039125443 51.287523239850998 180.11683687567711 123.78166332840919 195.75466199219227 215.23710069060326 504.9792912453413 28.172626510262489
leaf_count=410 292 1596 306 873 4300 374 1149 277 949 640 881 1028 2298 125
internal_value=-8.93434e-05 -0.0120298 0.0150763 -0.0195283 -0.0109724 0.0143338 -0.00655431 -0.0447145 -0.00625295 -0.0218866 0.0233312 0.00870304 0.0292395 0.0562095
internal_weight=3107.67 1700.16 368.409 1331.76 994.066 1407.51 423.746 337.689 242.607 337.413 983.762 283.028 700.734 125.802
internal_count=15498 8836 1790 7046 5173 6662 2163 1873 1255 1789 4499 1320 3179 535
is_linear=0
shrinkage=0.05


Tree=10
num_leaves=15
num_cat=0
split_feature=6 0 8 5 5 9 5 6 1 3 0 9 9 7
split_gain=196.548 211.609 167.526 106.964 91.8886 79.9715 64.277 32.927 28.4931 26.3346 16.3422 10.964 10.1345 6.64672
threshold=0.60168967845130383 0.36219387616923432 0.00069747219414901531 -0.0050066761252069982 1.0000000180025095e-35 99.9999368351463 -1.0000000180025095e-35 0.99999999999999178 0.25490195803537113 -0.0017662645039588918 0.80597014744932072 1.0000000180025095e-35 17.647053287199402 0.87034992182432602
decision_type=2 2 2 2 2 2 2 2 2 2 2 2 2 2
left_child=6 3 7 8 -5 -4 10 -3 -2 11 12 -8 -1 -11
right_child=1 2 5 4 -6 -7 9 -9 -10 13 -12 -13 -14 -15
leaf_value=-0.0185371223394637 0.014858708552470581 0.0020056025371528279 -0.017687776976011736 0.011239228409269247 0.0686550405748695 0.024929604218768196 -0.011446167128426936 0.054412544352388674 0.072477548375606882 -0.049514537030861158 -0.021668743519433816 -0.035843250607335696 0.044772993778405927 0.01946119553794937
leaf_weight=7.6405081599950782 26.384832128882408 40.268412873148918 1158.2803722918034 971.2143972069025 75.071265086531639 121.63830325007439 97.472574919462204 117.2170983850956 114.85949724912643 222.10892862081528 18.932967275381088 87.289351567625999 36.605639293789864 3.5484465211629859
leaf_count=35 115 186 6022 4532 336 579 530 494 469 1424 96 494 166 20
internal_value=-9.53982e-05 0.00525359 -0.00765002 0.0208723 0.0153588 -0.0136376 -0.0297423 0.0410123 0.0617142 -0.0369695 0.017206 -0.0229724 0.0338405 -0.0484299
internal_weight=3098.53 2624.93 1437.4 1187.53 1046.29 1279.92 473.598 157.486 141.244 410.419 63.1791 184.762 44.2461 225.657
internal_count=15498 12733 7281 5452 4868 6601 2765 680 584 2468 297 1024 201 1444
is_linear=0
shrinkage=0.05


Tree=11
num_leaves=15
num_cat=0
split_feature=6 0 5 8 5 7 0 9 1 8 1 0 7 8
split_gain=180.585 167.67 97.4993 83.8633 58.1614 67.0872 49.2508 46.0447 44.2045 38.7291 34.9711 21.0828 17.1009 10.5581
threshold=0.73961148260113085 0.62499999460565492 -1.0000000180025095e-35 0.00069747219414901531 -0.010829783197364549 0.32322329844045117 0.49999999992199545 99.9999368351463 0.44827583888228439 0.011108477354312292 0.45780515582569248 0.27461753890334656 0.097804817289538673 0.2901457052140905
decision_type=2 2 2 2 2 2 2 2 2 2 2 2 2 2
left_child=2 4 6 10 8 -6 13 -5 -2 -4 -3 -11 -8 -1
right_child=1 3 9 7 5 -7 12 -9 -10 11 -12 -13 -14 -15
leaf_value=0.038012928003074653 0.020275478163648004 -0.003200685193429051 -0.052905858628332074 -0.023473838356275718 -0.0040341501768999663 0.019862729225803621 0.026023901334135326 0.020208581935917597 0.069680546537212285 -0.0084691204721371646 0.063498629334039131 -0.030351065107786835 -0.018362695304081057 0.08543744609754271
leaf_weight=34.157464474439621 99.971252709627151 34.118488639593124 138.37788580358028 578.07032625377178 420.69355954229832 972.89351245760918 30.797235295176506 67.355288192629814 82.753194943070412 166.14641945064068 46.348230361938477 326.18335950374603 73.458717584609985 17.878971412777901
leaf_count=144 452 149 933 3154 2034 4432 149 323 336 881 189 1865 382 75
internal_value=-9.83101e-05 0.0069698 -0.0207746 -0.0129145 0.0161265 0.0126488 0.0145786 -0.0189152 0.0426503 -0.0295353 0.0352176 -0.0229666 -0.00525088 0.0543073
internal_weight=3089.2 2302.2 787 725.892 1576.31 1393.59 156.292 645.426 182.724 630.708 80.4667 492.33 104.256 52.0364
internal_count=15498 11069 4429 3815 7254 6466 750 3477 788 3679 338 2746 531 219
is_linear=0
shrinkage=0.05


Tree=12
num_leaves=15
num_cat=0
split_feature=6 5 0 6 0 6 0 0 6 5 7 1 4 5
split_gain=167.274 113.597 81.5065 74.5514 87.9014 74.1165 62.0612 32.4658 58.8366 36.3798 30.3535 26.2283 23.4589 5.31426
threshold=0.99999999999997136 -0.059258357204135352 0.73333333129629641 0.26820721750065513 0.26315789392890127 1.0000538811309079 0.33724370039640389 0.13373983656929742 1.0000538811309079 -0.0026008901876428676 0.67677665695101441 0.23430522551609725 -0.12004901960784313 -0.12362581886408446
decision_type=2 2 2 2 2 2 2 2 2 2 2 2 2 2
left_child=1 6 7 -3 -5 11 13 9 -9 -2 -7 -4 -8 -1
right_child=2 3 5 4 -6 10 12 8 -10 -11 -12 -13 -14 -15
leaf_value=0.084465322457543721 0.084121861404366324 -0.050278982434907582 -0.029405348161183051 0.0066082089941493427 -0.021291222371240339 -0.03538516073740762 0.039969949732889476 0.033746870487533158 0.004712620553892855 0.026937178661357461 0.001238488667696262 0.059691847884949904 -0.0040758491766504541 0.053829617505927047
leaf_weight=22.506985172629356 31.074963644146919 143.38839024305344 10.207191184163092 417.09443628787994 873.73331116139889 157.62014518678188 39.45937205851078 251.75380001962185 568.53557728230953 264.92022500932217 88.251696020364761 43.29967737197876 129.2460208684206 38.14905196428299
leaf_count=91 126 995 45 2035 4718 886 183 1104 2666 1190 462 183 659 155
internal_value=-0.0001004 -0.0108507 0.0125325 -0.0160757 -0.0122763 -0.0106341 0.0218215 0.0187457 0.0136235 0.0329407 -0.0222397 0.0426953 0.00622625 0.0651973
internal_weight=3079.24 1663.58 1415.66 1434.22 1290.83 299.379 229.361 1116.28 820.289 295.995 245.872 53.5069 168.705 60.656
internal_count=15498 8836 6662 7748 6753 1576 1088 5086 3770 1316 1348 228 842 246
is_linear=0
shrinkage=0.05


Tree=13
num_leaves=15
num_cat=0
split_feature=6 0 8 5 9 4 5 6 3 4 0 0 9 7
split_gain=156.705 164.573 125.272 77.2885 73.9752 73.3661 52.8203 32.0138 24.1701 24.9663 13.3676 12.3118 9.18597 7.99654
threshold=0.60168967845130383 0.26036954365690212 0.00069747219414901531 -0.0042173830882271104 99.999861904952851 -0.011398182873277483 -1.0000000180025095e-35 0.99999999999999178 -0.0017662645039588918 -1.0000000180025095e-35 0.80597014744932072 0.10416666547309032 17.647053287199402 0.87962674051238154
decision_type=2 2 2 2 2 2 2 2 2 2 2 2 2 2
left_child=6 3 7 11 -4 -5 10 -3 9 -8 12 -2 -1 -10
right_child=1 2 4 5 -6 -7 8 -9 13 -11 -12 -13 -14 -15
leaf_value=-0.020162978950932494 0.082934834176847716 -0.00046646160021977193 -0.013134688127640952 -0.031787474924858408 0.024119753459830084 0.021232778594726505 -0.04499540058216242 0.044266545612264833 -0.047047017363341478 -0.0063981998247145877 -0.020620210544447209 0.048180268726618951 0.040022537642661754 0.035272021198459222
leaf_weight=7.6441656947135916 41.641758278012276 54.652121245861053 1362.4945313483477 71.684424176812172 147.69538475573063 726.40598359704018 66.849773034453392 149.14996817708015 205.02953059971333 112.24417263269424 18.65356382727623 65.666025459766388 37.156738355755806 2.9932029247283927
leaf_count=35 168 250 7078 365 693 3288 411 623 1427 613 96 268 166 17
internal_value=-0.000101826 0.00458336 -0.00452552 0.0218272 -0.00949123 0.0164705 -0.0273391 0.0322708 -0.0342701 -0.0208052 0.0149452 0.0616671 0.0297534 -0.0458625
internal_weight=3069.96 2619.39 1713.99 905.398 1510.19 798.09 450.571 203.802 387.117 179.094 63.4545 107.308 44.8009 208.023
internal_count=15498 12733 8644 4089 7771 3653 2765 873 2468 1024 297 436 201 1444
is_linear=0
shrinkage=0.05


Tree=14
num_leaves=15
num_cat=0
split_feature=0 1 0 5 8 5 8 4 1 2 7 7 8 1
split_gain=123.573 113.179 73.9775 84.6789 76.8626 35.5549 34.0664 35.3972 32.0828 23.7833 17.6453 9.76745 4.6805 1.34785
threshold=0.75609755959250458 1.0000000180025095e-35 0.24242423140495925 -0.001216467620657413 0.00069747219414901531 0.0026907293820553906 0.00081841453470726442 -0.12359742399281114 0.20689654922711065 0.24999995963542321 0.67677661803021183 0.14158522915404284 0.00049782222077656508 0.07142857028061228
decision_type=2 2 2 2 2 2 2 2 2 2 2 2 2 2
left_child=1 5 3 -3 -4 9 8 11 13 -1 -9 -8 -10 -2
right_child=6 2 4 -5 -6 -7 7 10 12 -11 -12 -13 -14 -15
leaf_value=-0.050983646160451992 -0.033967509041263826 0.059947885046745281 0.032730443421067561 0.013238259574741458 -0.0040172008903272246 0.11792387528373297 0.0497076319236954 -0.031364227408069843 0.03495787304382305 -0.01003626985441008 -0.010680810370316951 -0.01157364843220679 0.080937490963564007 -0.068532401745516017
leaf_weight=112.49194766581059 5.2069064676761609 110.12759736180305 161.82854138314724 815.78996950387955 1179.0043096989393 3.7355844080448142 20.092016592621807 410.20176027715206 29.5791876912117 51.787088051438332 137.74049751460552 9.6134167611598951 6.8088598102331153 6.1535946428775787
leaf_count=850 26 447 694 3787 5986 19 96 2359 121 263 743 50 29 28
internal_value=-0.000103051 0.00498919 0.00792411 0.0187939 0.000417966 -0.034607 -0.0199279 -0.023283 0.020661 -0.0380755 -0.0261649 0.0298755 0.0435615 -0.0526901
internal_weight=3060.16 2434.77 2266.75 925.918 1340.83 168.015 625.396 577.648 47.7485 164.279 547.942 29.7054 36.388 11.3605
internal_count=15498 12046 10914 4234 6680 1132 3452 3248 204 1113 3102 146 150 54
is_linear=0
shrinkage=0.05


Tree=15
num_leaves=15
num_cat=0
split_feature=6 0 0 4 4 6 3 6 1 7 4 9 0 3
split_gain=137.447 139.206 49.3639 40.2595 65.0706 36.3974 36.0083 28.7709 26.8811 18.0647 22.1408 12.3046 3.38772 3.90831
threshold=0.60168967845130383 0.62499999460565492 0.13793101783591202 1.0000000180025095e-35 -1.0000000180025095e-35 0.26820721750065513 0.0012836991628765173 0.99999999999998146 0.45129663290210859 0.11025465318268117 -0.0013015276225316061 17.647053287199402 0.65989689381449723 0.0022050743452849413
decision_type=2 2 2 2 2 2 2 2 2 2 2 2 2 2
left_child=5 2 6 4 -3 12 -2 -4 -5 11 -11 -7 -1 -14
right_child=1 3 7 8 -6 9 -8 -9 -10 10 -12 -13 13 -15
leaf_value=-0.05006147928318614 0.019992913553307234 -0.020662287491530505 -0.0012518381294591085 -0.0056455871333572806 0.012264781580428256 -0.035135458017126739 0.059133607278575528 0.013804313772705943 -0.0435424252784887 -0.035399586065170172 -0.0072953451641955746 0.046167070654999476 0.013025506984886718 -0.06040968397496696
leaf_weight=123.61958891153336 447.11438192427158 341.74619151651859 593.87270049750805 68.899448737502098 267.48255737125874 6.2986060082912472 67.651286348700523 681.30718609690666 145.83985504508018 129.12931457161903 153.2475848197937 17.820164144039154 4.6339010894298545 2.9750999212265015
leaf_count=946 2014 1936 2898 388 1316 31 285 3064 832 796 862 79 30 21
internal_value=-0.000103019 0.00423935 0.012068 -0.0127673 -0.00620562 -0.0260339 0.0251368 0.00679241 -0.0313832 -0.0165996 -0.0201473 0.024935 -0.0480684 -0.0156875
internal_weight=3051.64 2613.91 1789.95 823.968 609.229 437.724 514.766 1275.18 214.739 306.496 282.377 24.1188 131.229 7.609
internal_count=15498 12733 8261 4472 3252 2765 2299 5962 1220 1768 1658 110 997 51
is_linear=0
shrinkage=0.05


Tree=16
num_leaves=15
num_cat=0
split_feature=6 4 5 5 4 6 5 7 3 8 4 8 7 9
split_gain=126.001 67.2291 146.34 91.1423 66.7753 65.7902 46.9121 28.1788 21.7093 21.2993 18.2088 8.72051 8.61053 5.59565
threshold=0.60168967845130383 -1.0000000180025095e-35 -1.0000000180025095e-35 0.0045054249131932797 1.0000000180025095e-35 0.99999999999999178 -1.0000000180025095e-35 0.16091159005619574 -0.0039824777323825824 0.065730620870010206 -1.0000000180025095e-35 0.34482676625929731 0.90196449840447512 17.647053287199402
decision_type=2 2 2 2 2 2 2 2 2 2 2 2 2 2
left_child=6 2 7 -4 5 -3 11 -2 10 -6 -8 13 -10 -1
right_child=1 4 3 -5 9 -7 8 -9 12 -11 -12 -13 -14 -15
leaf_value=-0.037169758696589068 0.022941045619568383 0.0027331679750055137 -0.049094242642972949 0.016514050835043224 -0.043413455241635798 0.024042007777472767 -0.040772146999631602 -0.0032592072649344911 -0.043695680056540405 -0.0047329364173566181 -0.005300209815851698 0.048980189487106814 0.046526035430036791 0.011457853537144784
leaf_weight=6.8887958973646155 217.980896666646 677.92386567592621 243.4390794634819 67.643887862563133 39.107847407460213 777.84627710282803 56.311912298202515 193.92229104042053 207.14133760333061 395.58854581415653 101.18952098488808 14.309936717152594 2.6787255108356467 41.891634985804558
leaf_count=34 1083 3235 1341 368 205 3477 361 1002 1539 2022 553 65 15 198
internal_value=-0.000103796 0.00402458 -0.00894306 -0.034828 0.0089839 0.0141189 -0.0251712 0.0106061 -0.0320124 -0.00821286 -0.0179826 0.0146589 -0.0425438 0.00459064
internal_weight=3043.86 2613.45 722.986 311.083 1890.47 1455.77 430.412 411.903 367.321 434.696 157.501 63.0904 209.82 48.7804
internal_count=15498 12733 3794 1709 8939 6712 2765 2085 2468 2227 914 297 1554 232
is_linear=0
shrinkage=0.05


Tree=17
num_leaves=15
num_cat=0
split_feature=6 0 0 8 8 8 8 1 4 7 4 2 3 8
split_gain=115.564 125.895 51.3332 56.4625 45.5791 36.3654 33.0791 33.6304 29.6071 16.2198 28.0278 8.47293 2.36315 1.27487
threshold=0.60168967845130383 0.73333333129629641 0.22448979557476054 0.000302686384380787 0.29651430181587241 0.01446556836129226 0.00081841453470726442 0.20689654922711065 -0.12004901960784313 0.15754899814253123 -0.0013015276225316061 0.083333320601853819 -0.0019361102364566227 0.0012057278852968395
decision_type=2 2 2 2 2 2 2 2 2 2 2 2 2 2
left_child=5 2 4 -4 -2 12 7 -3 -8 11 -11 -7 -1 -14
right_child=1 6 3 -5 -6 9 8 -9 -10 10 -12 -13 13 -15
leaf_value=-0.016449781001193847 0.015896618593399744 -0.052184322815399246 0.03742045698355561 -0.00017864814300072761 0.058411902302661523 -0.049006638014892183 0.031457268090067617 0.042308117979576572 -0.022742717278998334 -0.037451381243660695 -0.0052711429948370013 0.026712799121436981 -0.046726966671093731 -0.058901574726237894
leaf_weight=5.5089961290359488 742.19329781830311 12.160573646426199 109.84553098678589 1097.2106116116047 68.891282215714455 4.2215469628572455 26.491382017731667 41.724983915686607 515.41312484443188 120.88399075716734 153.68618859350681 29.594062998890877 79.643661193549633 29.455530293285847
leaf_count=36 3316 55 462 5355 292 22 131 171 2951 792 876 136 669 234
internal_value=-0.000105952 0.00381764 0.00977974 0.00324298 0.0195077 -0.0243522 -0.016378 0.0209836 -0.0200931 -0.0154148 -0.019439 0.01726 -0.0484006 -0.050014
internal_weight=3036.92 2613.93 2018.14 1207.06 811.085 422.994 595.79 53.8856 541.905 308.386 274.57 33.8156 114.608 109.099
internal_count=15498 12733 9425 5817 3608 2765 3308 226 3082 1826 1668 158 939 903
is_linear=0
shrinkage=0.05


Tree=18
num_leaves=15
num_cat=0
split_feature=0 1 5 4 0 5 9 8 4 1 2 4 9 3
split_gain=96.2144 83.5223 66.2729 206.347 49.6072 30.3839 27.4728 30.7433 35.0833 21.3459 20.0473 11.3176 8.57223 7.39275
threshold=0.75609755959250458 1.0000000180025095e-35 -0.0042173830882271104 -0.0023584938458051092 0.46926177110001749 0.0026907293820553906 99.9999368351463 0.0014375665936903895 -0.10855518946954938 0.20689654922711065 0.24999995963542321 0.012731498536493803 99.99999920526318 0.052091433385173642
decision_type=2 2 2 2 2 2 2 2 2 2 2 2 2 2
left_child=1 5 4 -4 -3 10 7 9 -9 -2 -1 13 -13 -8
right_child=6 2 3 -5 -6 -7 11 8 -10 -11 -12 12 -14 -15
leaf_value=-0.04819585128961839 -0.043502795147924517 0.043492535130517006 -0.034870652847387988 0.010201657774448388 0.0046262518810469304 0.10573979333335598 0.0094852029692467591 0.018535533480323239 -0.028880738525616824 0.031892149074743491 -0.009611670182107063 -0.068222235281372168 0.025379176538121048 0.054275991413328423
leaf_weight=98.243743136525154 12.119408637285231 195.97227708995342 300.71211123466492 1632.3398985937238 141.29026959836483 3.9373231977224341 18.636959984898567 42.613624930381775 461.41654498130083 41.654140844941139 51.214498475193977 5.7412634640932065 4.2618287801742554 18.217054799199104
leaf_count=850 60 814 1755 7616 729 19 90 214 2774 176 263 30 22 86
internal_value=-0.000105771 0.00434567 0.00675832 0.00319006 0.0272102 -0.0313625 -0.0179489 -0.0210378 -0.0248719 0.0148997 -0.0349743 0.0188233 -0.0283432 0.0316254
internal_weight=3028.37 2423.71 2270.31 1933.05 337.263 153.396 604.661 557.804 504.03 53.7735 149.458 46.8571 10.0031 36.854
internal_count=15498 12046 10914 9371 1543 1132 3452 3224 2988 236 1113 228 52 176
is_linear=0
shrinkage=0.05


Tree=19
num_leaves=15
num_cat=0
split_feature=6 0 8 5 5 1 5 6 2 3 4 0 8 8
split_gain=100.14 105.917 83.9693 62.327 72.8483 40.4373 40.1073 35.3557 25.0844 19.4984 19.0552 10.4818 7.49228 5.35705
threshold=0.60168967845130383 0.38202247158818337 0.0015920413708981047 -0.026771116472732056 1.0000000180025095e-35 0.34883716792861952 -1.0000000180025095e-35 0.99999999999999178 0.42857140962099216 -0.0017662645039588918 -1.0000000180025095e-35 0.80597014744932072 0.41938177306229701 0.016289387825715363
decision_type=2 2 2 2 2 2 2 2 2 2 2 2 2 2
left_child=6 3 7 8 -5 -4 11 -3 -2 10 -8 12 -1 -11
right_child=1 2 5 4 -6 -7 9 -9 -10 13 -12 -13 -14 -15
leaf_value=0.0196330507384577 0.06194379823640328 -0.0056342155586585896 -0.00087091142542366053 0.0066679081381647203 0.055388842654976594 -0.019851087291148053 -0.040484048741020018 0.03889053734739608 0.01302852590227184 -0.048739924622239306 -0.0053805161998407491 -0.018568944184041879 0.086783394726362151 -0.031155270543413546
leaf_weight=40.387016624212265 87.834792971611023 67.649325311183929 499.56871119141579 1061.689880028367 82.699764400720596 640.29092761874199 59.34870234131813 130.77811802923679 37.356078088283539 102.41683156043291 110.89547057449818 18.038715451955795 4.6301352679729453 75.048069000244141
leaf_count=181 360 318 2640 4817 357 3547 411 539 155 908 613 96 20 536
internal_value=-0.000106924 0.00350736 -0.00630707 0.0138529 0.0101887 -0.0115326 -0.0230533 0.0237108 0.0473478 -0.0297067 -0.0176179 0.0136352 0.0265396 -0.0413036
internal_weight=3018.63 2607.87 1338.29 1269.58 1144.39 1139.86 410.765 198.427 125.191 347.709 170.244 63.0559 45.0172 177.465
internal_count=15498 12733 7044 5689 5174 6187 2765 857 515 2468 1024 297 201 1444
is_linear=0
shrinkage=0.05


Tree=20
num_leaves=15
num_cat=0
split_feature=6 5 4 5 6 7 0 4 0 4 0 5 4 8
split_gain=93.7879 84.1455 90.5881 70.9089 65.0812 56.557 55.9461 40.4839 83.1802 37.9107 36.3365 25.7349 23.0377 15.321
threshold=0.99999999999997136 -0.0063319873131173479 -0.0018885892826571158 1.0000000180025095e-35 0.16153292845523867 0.3232232932756981 0.56521738761814755 1.0000000180025095e-35 0.31053964450023291 -0.099815083123638557 0.70270269985390799 -0.0095962712082922046 -0.004615134171314538 0.11380375819294164
decision_type=2 2 2 2 2 2 2 2 2 2 2 2 2 2
left_child=1 6 3 -3 -4 10 13 12 -9 -8 11 -2 -7 -1
right_child=5 2 4 -5 -6 7 9 8 -10 -11 -12 -13 -14 -15
leaf_value=-0.0084586000740567192 0.025375217222541137 -0.049879436558356416 -0.046497751097274498 0.01684019700135243 -0.0026825606702293222 -0.0087371305743017356 0.030536681473272365 0.0417411107807623 -0.024332378325567602 -0.016526129133605301 -0.034281564446455241 -0.0085050642035236542 0.022471194936402459 0.042483015433053578
leaf_weight=16.662956908345222 79.994879961013794 244.51001296937466 94.271402217447758 47.570691078901291 839.23838113248348 64.030834168195724 59.170359551906586 68.969395980238914 153.96976281702518 154.57348822057247 95.602628365159035 187.24009850621223 773.25803120434284 129.23098561167717
leaf_count=72 352 1589 873 277 4295 336 289 287 829 889 579 887 3392 552
internal_value=-0.000106077 -0.00847077 -0.014711 -0.0390129 -0.00710728 0.00921179 0.0127949 0.015043 -0.00389161 -0.00349781 -0.00782722 0.00163676 0.0200846 0.0366648
internal_weight=3008.29 1585.23 1225.59 292.081 933.51 1423.07 359.638 1060.23 222.939 213.744 362.838 267.235 837.289 145.894
internal_count=15498 8836 7034 1866 5168 6662 1802 4844 1116 1178 1818 1239 3728 624
is_linear=0
shrinkage=0.05


Tree=21
num_leaves=14
num_cat=0
split_feature=6 4 5 5 4 6 7 5 3 2 7 1 9
split_gain=85.9614 65.2631 159.903 111.392 62.641 52.678 24.862 24.0863 1.93951 4.65337 0.851964 0.625464 0.268706
threshold=0.26820721750065513 -1.0000000180025095e-35 -1.0000000180025095e-35 0.0045054249131932797 1.0000000180025095e-35 0.99999999999999178 0.16091159005619574 -0.080065920909078034 -0.0017662645039588918 0.047619046957671975 0.64433735804272396 0.33333333098765439 17.647053287199402
decision_type=2 2 2 2 2 2 2 2 2 2 2 2 2
left_child=8 2 6 -4 5 -3 -2 -6 9 -1 12 -11 -10
right_child=1 4 3 -5 7 -7 -8 -9 10 11 -12 -13 -14
leaf_value=0.0086683343673094222 0.020344197285566034 0.0019711687621855167 -0.047440104786291348 0.021028194036410684 0.053004638018151543 0.020256012881028726 -0.0029734713491718998 -0.011653904919329841 -0.046536440610753654 -0.035971285477796516 -0.016451320605949837 -0.06346673053071071 -0.060684406172050398
leaf_weight=5.6459269076585761 248.76432351768017 785.72565193474293 306.75881487131119 73.670351013541222 14.871236413717268 789.88893046975136 211.51384943723679 457.61473727226257 88.958740152418613 3.998113200068472 2.3291041329503051 4.2851775214076042 3.4876356199383727
leaf_count=37 1229 3827 1948 415 69 3477 1107 2429 860 28 18 27 27
internal_value=-0.000108129 0.00153437 -0.0101956 -0.0341812 0.00634932 0.0111377 0.00962892 -0.00961881 -0.0437573 -0.0263362 -0.0463177 -0.0501954 -0.0470702
internal_weight=2997.51 2888.81 840.707 380.429 2048.1 1575.61 460.278 472.486 108.705 13.9292 94.7755 8.28329 92.4464
internal_count=15498 14501 4699 2363 9802 7304 2336 2498 997 92 905 55 887
is_linear=0
shrinkage=0.05


Tree=22
num_leaves=14
num_cat=0
split_feature=6 4 7 9 4 6 8 8 3 2 7 8 1
split_gain=80.2219 59.1945 94.7767 97.3732 56.4337 47.1262 24.9626 17.1193 1.94284 4.3835 0.840186 0.90394 0.614199
threshold=0.26820721750065513 -1.0000000180025095e-35 0.16091159005619574 43.384858930723915 1.0000000180025095e-35 0.99999999999999178 0.18991523056547685 0.392930482961309 -0.0017662645039588918 0.047619046957671975 0.64433735804272396 0.0012057278852968395 0.33333333098765439
decision_type=2 2 2 2 2 2 2 2 2 2 2 2 2
left_child=8 2 7 -4 5 -3 -6 -2 9 -1 11 -10 -11
right_child=1 4 3 -5 6 -7 -8 -9 10 12 -12 -13 -14
leaf_value=0.0081903655448994413 0.011245018920735594 0.001871097215519704 -0.033543803171917491 0.014199683144042768 -0.021096625743815035 0.019139508389408748 0.0019558578154569768 0.062065606600100347 -0.043403488847155822 -0.034999577393331364 -0.015811350509638576 -0.054857293567765801 -0.062660856614797866
leaf_weight=5.675846502184867 252.36130478233099 786.34452956914902 421.08160268515348 143.08415704220533 227.22574928402901 794.0579430013895 243.04365487396717 17.735482558608055 65.847642838954926 3.9060277715325338 2.3028891757130614 23.328638471662998 4.127275325357914
leaf_count=37 1265 3827 2570 782 1232 3477 1266 82 662 28 18 225 27
internal_value=-0.000109195 0.00145463 -0.00977433 -0.0214351 0.00602284 0.0105474 -0.00918269 0.0145821 -0.0429992 -0.0254458 -0.0456298 -0.0463998 -0.0492111
internal_weight=2990.12 2884.93 834.263 564.166 2050.67 1580.4 470.269 270.097 105.188 13.7091 91.4792 89.1763 8.0333
internal_count=15498 14501 4699 3352 9802 7304 2498 1347 997 92 905 887 55
is_linear=0
shrinkage=0.05


Tree=23
num_leaves=15
num_cat=0
split_feature=0 6 5 4 0 9 4 8 7 2 7 0 8 7
split_gain=77.9307 88.9412 48.1335 142.366 43.2115 23.2167 23.4445 24.4634 9.10177 8.28715 7.00662 5.7421 3.43154 1.67145
threshold=0.75609755959250458 0.26820721750065513 -0.0042173830882271104 -1.0000000180025095e-35 0.1864406763544959 99.999996116138917 -0.12359742399281114 0.0014375665936903895 0.685322645232184 0.079999999520000017 0.14158522915404284 0.65989689381449723 0.12046450320060355 0.50472619493476245
decision_type=2 2 2 2 2 2 2 2 2 2 2 2 2 2
left_child=1 11 4 -4 -3 6 10 -8 12 -10 -2 13 -7 -1
right_child=5 2 3 -5 -6 8 7 -9 9 -11 -12 -13 -14 -15
leaf_value=-0.045861155923471814 0.03967544489131989 0.054512759484721868 -0.029721510211797215 0.0084230711827402351 0.013098670545804129 0.0094870186899985772 0.010672077407932704 -0.024954770285063769 0.054522772019413183 -0.031844872741774562 -0.011860096046846208 0.042117803376400115 0.060815226802953794 -0.0066691665856161127
leaf_weight=92.420628100633621 21.167002514004711 83.191498085856438 286.55263932049274 1671.3671316206455 259.32851435244083 4.2689039558172288 53.683304786682129 470.34718374162912 3.9648274034261695 9.2740937396883947 9.5804084017872793 1.9430788755416859 13.726845487952231 2.8029496222734442
leaf_count=925 96 345 1801 7717 1223 20 236 2921 19 47 50 14 63 21
internal_value=-0.000108732 0.00388627 0.00586545 0.0028404 0.0231574 -0.0164539 -0.0188153 -0.021305 0.025489 -0.00597926 0.0236178 -0.0429712 0.0486393 -0.0447075
internal_weight=2983.62 2397.61 2300.44 1957.92 342.52 586.013 554.778 524.03 31.2347 13.2389 30.7474 97.1667 17.9957 95.2236
internal_count=15498 12046 11086 9518 1568 3452 3303 3157 149 66 146 960 83 946
is_linear=0
shrinkage=0.05


Tree=24
num_leaves=15
num_cat=0
split_feature=0 6 0 5 8 9 4 8 7 1 1 0 6 7
split_gain=71.0187 82.5677 44.6933 37.4626 34.1082 21.3379 22.0507 23.6423 11.8037 8.54827 6.78657 5.37351 2.70591 1.63053
threshold=0.75609755959250458 0.26820721750065513 0.12294197001331682 -0.0036036065283714942 0.000302686384380787 99.9999368351463 -0.12359742399281114 0.0014375665936903895 0.78134322984562121 0.68042553112258408 0.45129663290210859 0.65989689381449723 1.4850083230400946 0.50472619493476245
decision_type=2 2 2 2 2 2 2 2 2 2 2 2 2 2
left_child=1 11 3 -3 -4 6 9 -8 10 -2 -7 13 -10 -1
right_child=5 2 4 -5 -6 8 7 -9 12 -11 -12 -13 -14 -15
leaf_value=-0.045177862506044809 0.03323743087147684 0.058778815037479074 0.024612299178050828 0.014090619590604855 -0.00020648016879402494 0.0087723087247138561 0.010125764070905369 -0.024970612574124369 -0.052440636731762524 -0.040681636576483188 0.051537522115051797 0.038915726964344415 -0.00053139002923755798 -0.006364654026257844
leaf_weight=89.209339693188667 26.368460930883888 52.337676897644997 151.14533802866936 451.20686224848032 1645.8509335815907 19.182116135954857 53.748942963778973 447.45893938839436 6.0591670498251897 4.5923259854316703 17.965846300125122 1.9963719397783268 4.2866178900003433 2.7905278503894797
leaf_count=925 124 220 627 2040 8199 92 236 2842 31 22 84 14 21 21
internal_value=-0.000108044 0.0036934 0.00557014 0.0187354 0.00188103 -0.0158115 -0.0186773 -0.0212069 0.0163003 0.0222732 0.0294548 -0.0422395 -0.0309328 -0.0440006
internal_weight=2974.2 2394.54 2300.54 503.545 1797 579.662 532.169 501.208 47.4937 30.9608 37.148 93.9962 10.3458 91.9999
internal_count=15498 12046 11086 2260 8826 3452 3224 3078 228 146 176 960 52 946
is_linear=0
shrinkage=0.05


Tree=25
num_leaves=15
num_cat=0
split_feature=6 0 5 2 5 8 1 9 5 8 9 0 9 6
split_gain=65.8397 75.6128 52.3088 90.7131 56.6811 32.5958 34.41 30.797 28.4936 15.1128 10.4308 7.89871 7.63335 4.56975
threshold=0.60168967845130383 0.62499999460565492 1.0000000180025095e-35 0.37946996952236711 -0.01332273758840513 0.0014375665936903895 0.42644808644851268 73.192128172078526 -1.0000000180025095e-35 0.011108477354312292 1.0000000180025095e-35 0.80597014744932072 17.647053287199402 0.45308655552785743
decision_type=2 2 2 2 2 2 2 2 2 2 2 2 2 2
left_child=8 2 4 -4 -2 6 -3 -7 11 -10 -11 12 -1 -13
right_child=1 5 3 -5 -6 7 -8 -9 9 10 -12 13 -14 -15
leaf_value=-0.023397319177786504 0.029915908884180178 -0.017437221999028991 0.082552689240606311 -0.00041931091628886292 0.0024397636926400076 -0.019175706802900538 0.042413218873381307 0.0079611428435710768 -0.043981838841380884 -0.0065202635207316922 -0.028060234506604054 0.024550862928324486 0.031389902079809871 -0.032842967913893323
leaf_weight=7.6471271812915793 215.45538225769997 42.055144399404526 62.254211395978928 69.962147563695908 1457.1157858520746 557.0143766105175 55.986044183373451 128.71007344126701 83.388678818941116 95.771342754364014 136.038384526968 4.7531684786081341 37.703504681587219 12.828807562589644
leaf_count=35 934 187 273 324 6730 3382 234 669 900 602 966 25 166 71
internal_value=-0.000105885 0.002741 0.00837244 0.0386481 0.00597915 -0.0102266 0.0167401 -0.0140821 -0.0195947 -0.0257276 -0.0191611 0.0111221 0.0221516 -0.0173269
internal_weight=2966.68 2588.55 1804.79 132.216 1672.57 783.766 98.0412 685.724 378.131 315.198 231.81 62.9326 45.3506 17.582
internal_count=15498 12733 8261 597 7664 4472 421 4051 2765 2468 1568 297 201 96
is_linear=0
shrinkage=0.05


Tree=26
num_leaves=15
num_cat=0
split_feature=6 5 4 5 7 9 6 0 0 0 4 8 3 8
split_gain=61.4938 57.9014 81.1842 66.124 54.3469 49.8729 46.0145 40.932 38.2295 27.834 22.4765 19.6301 13.4117 12.8851
threshold=0.99999999999999178 -1.0000000180025095e-35 -0.0018885892826571158 1.0000000180025095e-35 0.32322329844045117 10.638297329108235 0.16153292845523867 0.49999999992199545 0.33724370039640389 0.70270269985390799 -0.099815083123638557 0.18079750826242924 -0.040328188792677959 0.12388216402526786
decision_type=2 2 2 2 2 2 2 2 2 2 2 2 2 2
left_child=1 7 3 -3 9 12 -4 13 -7 11 -9 -2 -6 -1
right_child=4 2 6 -5 5 8 -8 10 -10 -11 -12 -13 -14 -15
leaf_value=-0.0052174095490213311 -0.0069055786264119725 -0.047980337774380682 -0.042422183598844372 0.017370773118420172 -0.0013417139483491401 0.025585981277582766 -0.002140285310195333 0.023929958748369035 -0.0056958950408147998 -0.031630651627395943 -0.01065241834881433 0.023222036554093689 0.030064844428207494 0.040009662661150039
leaf_weight=18.335110858082771 239.39367982745171 215.46189251542091 76.551456272602081 47.183808334171772 37.250870898365974 139.2724434286356 959.44380164891481 64.475530207157135 326.94772782921791 90.478004023432732 173.19977423548698 69.840773493051529 388.60685579478741 111.61782130599022
leaf_count=77 1106 1561 873 277 157 588 4830 308 1709 580 1016 318 1626 472
internal_value=-0.000104747 -0.00645229 -0.0114114 -0.0362401 0.00808289 0.0149478 -0.00511678 0.0110656 0.00364884 -0.00723817 -0.00127106 -0.00010124 0.0273176 0.0336286
internal_weight=2958.06 1666.27 1298.64 262.646 1291.79 892.078 1036 367.628 466.22 399.712 237.675 309.234 425.858 129.953
internal_count=15498 9414 7541 1838 6084 4080 5703 1873 2297 2004 1324 1424 1783 549
is_linear=0
shrinkage=0.05


Tree=27
num_leaves=14
num_cat=0
split_feature=0 6 0 5 8 9 4 8 1 0 4 0 9
split_gain=57.9328 66.9824 38.513 31.9213 29.4472 18.7721 19.1477 18.6301 11.7459 7.94537 5.28036 5.07307 1.64523
threshold=0.75609755959250458 0.26820721750065513 0.12294197001331682 -0.0036036065283714942 0.21007904844558106 99.999996116138917 -0.094200586409106599 0.0014375665936903895 0.62222222118518533 0.95565388001047435 0.062652659877715192 0.65989689381449723 59.090908607438031
decision_type=2 2 2 2 2 2 2 2 2 2 2 2 2
left_child=1 11 3 -3 -4 6 8 -8 -2 10 -7 12 -1
right_child=5 2 4 -5 -6 9 7 -9 -10 -11 -12 -13 -14
leaf_value=-0.043317286182347536 0.023492150737296047 0.054592126326730286 -0.0015219566412795127 0.012909246371274144 0.015115769807623964 0.022051068413554611 0.0077452556743627865 -0.023555968182484642 -0.028072006878905965 0.066959674468819896 -0.032563889299645467 0.038542740390954157 -0.0032187599188291793
leaf_weight=80.793856747448444 43.364036925137043 51.11215528845787 1467.729740306735 453.10090970993042 324.80049929767847 18.060890376567848 53.5744963362813 421.8324395865202 14.818078413605688 7.7361615747213355 5.8621683046221724 1.9995327591896046 2.6416956409811965
leaf_count=926 223 220 7258 2040 1568 82 236 2763 81 35 32 14 20
internal_value=-0.00010501 0.00330962 0.00492667 0.0171346 0.00149274 -0.0144956 -0.0167151 -0.0200286 0.0103596 0.0229121 0.00866808 -0.0401616 -0.0420477
internal_weight=2947.43 2382.18 2296.74 504.213 1792.53 565.248 533.589 475.407 58.1821 31.6592 23.9231 85.4351 83.4356
internal_count=15498 12046 11086 2260 8826 3452 3303 2999 304 149 114 960 946
is_linear=0
shrinkage=0.05


Tree=28
num_leaves=15
num_cat=0
split_feature=6 5 7 9 7 0 0 0 0 2 7 9 2 5
split_gain=54.4247 51.3692 49.1143 44.1056 43.0397 36.431 34.77 32.9998 24.7891 23.665 17.1453 16.7823 14.9252 9.49299
threshold=0.99999999999999178 -1.0000000180025095e-35 0.32322329844045117 10.638297329108235 0.21153437328353938 0.59451951131933434 0.49999999992199545 0.33724370039640389 0.31053964450023291 0.27692307053254461 0.12874253580664799 23.011298632076905 0.52173905103971185 -0.10497482789837374
decision_type=2 2 2 2 2 2 2 2 2 2 2 2 2 2
left_child=1 6 8 9 -3 -6 12 -5 11 -4 -8 -2 -1 -10
right_child=2 4 3 7 5 -7 10 -9 13 -11 -12 -13 -14 -15
leaf_value=0.04086551880541843 -0.0012646745535205019 -0.042931940925788212 0.01537917714043246 0.023747158823976062 -0.0028107130422060926 -0.022396592180806404 0.015846228024895031 -0.0052935557831053715 0.019539799394544546 0.039105146064254942 -0.011766263831722058 0.036662744673090594 0.0013465997344009233 -0.022326082362051469
leaf_weight=97.980371996760368 159.06332448124886 96.514216728508472 241.92144252359867 139.90312561392784 860.72332634031773 327.86297579109669 92.150335937738419 325.21914830803871 14.593521088361738 185.82963611185551 144.17212577164173 35.715543106198311 31.596451222896576 187.58245734870434
leaf_count=416 717 915 1015 588 4539 2087 471 1709 78 768 853 155 133 1054
internal_value=-0.000102605 -0.0061147 0.00759297 0.0140985 -0.0108208 -0.00821334 0.0104139 0.00344154 -0.00704 0.0256865 -0.000999194 0.00568987 0.0312291 -0.0193041
internal_weight=2940.83 1651 1289.83 892.873 1285.1 1188.59 365.899 465.122 396.955 427.751 236.322 194.779 129.577 202.176
internal_count=15498 9414 6084 4080 7541 6626 1873 2297 2004 1783 1324 872 549 1132
is_linear=0
shrinkage=0.05


Tree=29
num_leaves=15
num_cat=0
split_feature=6 0 4 7 8 8 1 1 7 4 8 3 3 8
split_gain=51.1926 49.3325 44.8579 40.928 30.9463 27.269 27.4151 20.052 19.1699 30.3938 11.7972 9.14942 1.09637 1.27991
threshold=0.73961148260113085 0.22448979557476054 1.0000000180025095e-35 0.49887367101005858 0.011108477354312292 0.18991523056547685 0.24999999940340911 0.29411764576124572 0.12038458893961541 -0.0018885892826571158 0.0080032868226786267 -0.053579538082262894 -0.0021304964539006761 0.0012057278852968395
decision_type=2 2 2 2 2 2 2 2 2 2 2 2 2 2
left_child=4 5 3 -3 12 10 -7 -4 11 -10 -2 -6 -1 -14
right_child=1 2 7 -5 8 6 -8 -9 9 -11 -12 -13 13 -15
leaf_value=-0.012588316788354238 0.00086290097336707411 -0.0060436098559892657 -0.00082124317655556762 0.012202413581757582 -0.0014587117123275326 -0.029841431291000232 0.044688253269488637 -0.02842872978389115 -0.025707039809961859 -0.0011904482882956623 0.015107125616362363 0.037827219630190118 -0.038610778863319539 -0.052830040350286669
leaf_weight=3.1349076107144347 230.62086889147758 655.50695858895779 98.88993701338768 578.65305255353451 29.052379488945007 13.978621825575827 105.17721532285213 196.39765676856041 216.97073006629944 302.89952506870031 393.17482994496822 30.253450617194176 54.285312235355377 22.338042788207531
leaf_count=23 977 3527 491 2655 133 58 456 1166 1527 1694 1739 141 678 233
internal_value=-0.000100719 0.00345739 -0.00167722 0.00251129 -0.0123712 0.0140275 0.0359449 -0.0191832 -0.0083502 -0.0114226 0.00984095 0.0185821 -0.0415704 -0.0427561
internal_weight=2931.33 2272.4 1529.45 1234.16 658.934 742.952 119.156 295.288 579.176 519.87 623.796 59.3058 79.7583 76.6234
internal_count=15498 11069 7839 6182 4429 3230 514 1657 3495 3221 2716 274 934 911
is_linear=0
shrinkage=0.05


Tree=30
num_leaves=12
num_cat=0
split_feature=6 0 5 5 1 8 9 6 0 0 1
split_gain=47.6731 59.4366 54.8497 53.9276 52.9233 48.2255 32.801 17.0834 3.45371 1.0098 1.64956
threshold=0.26820721750065513 0.38202247158818337 1.0000000180025095e-35 -0.021451302433614147 0.32499999390625017 0.00069747219414901531 99.999861904952851 0.99999999999995015 0.99999850000250012 0.65989689381449723 0.66009704873038322
decision_type=2 2 2 2 2 2 2 2 2 2 2
left_child=8 2 3 -2 -4 7 -7 -3 9 10 -1
right_child=1 5 4 -5 -6 6 -8 -9 -10 -11 -12
leaf_value=-0.04199494504988404 0.034858212040474332 -0.034105176515796469 -0.005143133557131546 0.0022190145467654034 0.075247938703549788 -0.012034590609058655 0.013837103778102149 0.025042461618264834 0.034582479186741677 -0.016016833789365439 -0.0081256701652656534
leaf_weight=72.777939349412918 142.01554426550865 13.338377870619295 31.956796407699585 1162.3173822909594 56.968054950237274 1153.8949967995286 137.06394228339195 144.03505323827267 1.6282554417848576 4.5261405035853377 3.7817936539649954
leaf_count=919 603 66 140 5401 239 6816 642 594 15 36 27
internal_value=-9.89104e-05 0.000990282 0.00836312 0.00577276 0.0463579 -0.00610219 -0.00928774 0.0200293 -0.0375174 -0.0389652 -0.0403219
internal_weight=2924.3 2841.59 1393.26 1304.33 88.9249 1448.33 1290.96 157.373 82.7141 81.0859 76.5597
internal_count=15498 14501 6383 6004 379 8118 7458 660 997 982 946
is_linear=0
shrinkage=0.05


Tree=31
num_leaves=14
num_cat=0
split_feature=0 6 5 5 1 9 8 1 7 0 7 0 7
split_gain=44.9867 51.4555 33.7216 40.9613 35.508 15.737 10.8191 19.9749 16.3529 6.86624 6.77896 4.84967 1.62429
threshold=0.75609755959250458 0.26820721750065513 1.0000000180025095e-35 -0.0042173830882271104 0.70270269130752416 99.999996116138917 0.00081841453470726442 0.20689654922711065 0.12874253580664799 0.95565388001047435 0.6767766952742903 0.65989689381449723 0.50472619493476245
decision_type=2 2 2 2 2 2 2 2 2 2 2 2 2
left_child=1 11 3 -3 -4 6 7 -2 -8 10 -7 12 -1
right_child=5 2 4 -5 -6 9 8 -9 -10 -11 -12 -13 -14
leaf_value=-0.041029286309551466 -0.051673067878485815 0.018392835791229616 0.017341291945258495 -0.00060450291234226134 0.08978316106231507 0.032574589467717567 0.003712378739211074 0.02571302173012642 -0.021482741493136961 0.061443641190935164 -0.020696284895357516 0.039681267260793837 -0.00050033810513478133
leaf_weight=71.510137282311916 10.847093552350996 338.00326162576675 165.62014643847942 1767.5830074176192 18.83980205655098 12.823056131601339 76.99099625647068 36.059577867388725 393.88109146058559 7.9242768585681906 11.17790352553129 1.979034200310706 2.5606602132320395
leaf_count=925 54 1568 822 8618 78 57 432 150 2667 35 57 14 21
internal_value=-9.62801e-05 0.00289723 0.00424092 0.00244508 0.0247401 -0.0129813 -0.015082 0.00781761 -0.0173632 0.0210887 0.00776489 -0.0375643 -0.0396282
internal_weight=2915.8 2366.1 2290.05 2105.59 184.46 549.704 517.779 46.9067 470.872 31.9252 24.001 76.0498 74.0708
internal_count=15498 12046 11086 10186 900 3452 3303 204 3099 149 114 960 946
is_linear=0
shrinkage=0.05


Tree=32
num_leaves=15
num_cat=0
split_feature=6 0 8 4 4 4 8 1 1 4 8 3 7 8
split_gain=42.6628 44.8156 30.8851 28.9827 26.5453 23.6982 23.6934 23.1117 21.6244 17.8433 21.2159 10.3419 11.3997 9.40841
threshold=0.70014039108038728 0.62499999460565492 0.21007904844558106 -1.0000000180025095e-35 1.0000000180025095e-35 -1.0000000180025095e-35 0.08442769987504431 0.39999998584615443 0.3928571391156464 -0.0013015276225316061 0.011108477354312292 0.070236104475234887 0.1689041848752785 0.31344102290476872
decision_type=2 2 2 2 2 2 2 2 2 2 2 2 2 2
left_child=6 2 3 -2 5 -3 9 -6 -4 -1 -11 12 -8 -13
right_child=1 4 8 -5 7 -7 11 -9 -10 10 -12 13 -14 -15
leaf_value=-0.052844803070120253 -0.012520911913121735 -0.01281048667440076 0.007865972525054046 0.0073968200684133142 0.0061235915716537064 0.0085828226865750177 0.012716131001661371 -0.035981411893442582 0.037745827517698949 -0.039448793074403625 -0.0029230486158565616 -0.010031486360951034 -0.01055440288944636 0.098774765487471397
leaf_weight=47.381374821066856 214.75280641019344 263.92893653362989 114.32977057993412 1221.4557239562273 43.963646784424782 254.05536864697933 66.173366479575634 125.9966939240694 128.73111334443092 67.731692954897881 96.252861492335796 3.5153246968984586 257.11324006319046 4.5691429525613785
leaf_count=416 1119 1688 507 5386 270 1251 318 849 571 899 565 20 1616 23
internal_value=-9.40927e-05 0.00280477 0.00720811 0.00441857 -0.00794376 -0.00231773 -0.0127378 -0.0250901 0.0236911 -0.0258185 -0.0180095 -0.00439433 -0.00579117 0.0514631
internal_weight=2909.95 2367.21 1679.27 1436.21 687.945 517.984 542.737 169.96 243.061 211.366 163.985 331.371 323.287 8.08447
internal_count=15498 11641 7583 6505 4058 2939 3857 1119 1078 1880 1464 1977 1934 43
is_linear=0
shrinkage=0.05


Tree=33
num_leaves=15
num_cat=0
split_feature=6 5 4 5 7 9 9 6 2 8 7 5 3 8
split_gain=40.3455 43.4289 70.9859 62.7685 41.7391 37.4593 32.5263 30.1228 21.3205 13.8566 11.9977 10.4346 9.49377 8.61796
threshold=0.99999999999999178 -1.0000000180025095e-35 -0.0018885892826571158 1.0000000180025095e-35 0.32322329844045117 13.569781074629747 42.546438765298277 0.16153292845523867 0.27692307053254461 0.31344102290476872 0.16091159005619574 -0.10497482789837374 0.061027128590862796 0.36245796907836253
decision_type=2 2 2 2 2 2 2 2 2 2 2 2 2 2
left_child=1 9 3 -3 11 8 -7 -4 -6 10 -1 13 -11 -2
right_child=4 2 7 -5 5 6 -8 -9 -10 12 -12 -13 -14 -15
leaf_value=0.014986717529234967 0.0086039586858682061 -0.046012074654189515 -0.037890405387041311 0.018573376747584316 0.013289623538496963 -0.026994111512164978 0.0085545760334210016 -0.0016882313452987255 0.035673063788135416 0.021953863579760952 -0.0062593720708723809 -0.0091024393509233342 0.082900883194877997 0.080541686874864238
leaf_weight=129.81650957465172 17.756235420703891 199.43403192609549 61.15379698574543 46.365371979773045 243.52807612717152 77.402138203382492 381.50138111412525 951.32740040123463 188.91225285828114 87.681492805480957 136.12346108257771 369.3161234036088 6.8918253332376471 5.4383458942174903
leaf_count=646 91 1561 873 277 1021 421 1861 4830 777 433 761 1888 33 25
internal_value=-9.29797e-05 -0.00534265 -0.0097263 -0.0338293 0.00652626 0.0125088 0.00255867 -0.00387484 0.0230679 0.00995736 0.00411174 -0.0070594 0.0263952 0.0254709
internal_weight=2902.65 1618.79 1258.28 245.799 1283.85 891.344 458.904 1012.48 432.44 360.513 265.94 392.511 94.5733 23.1946
internal_count=15498 9414 7541 1838 6084 4080 2282 5703 1798 1873 1407 2004 466 116
is_linear=0
shrinkage=0.05


Tree=34
num_leaves=15
num_cat=0
split_feature=6 5 4 5 7 9 9 6 2 8 7 5 5 8
split_gain=36.5203 39.3987 66.3564 59.1232 37.6135 33.6659 29.57 28.2552 19.2415 12.3878 10.789 9.43509 8.0197 7.87517
threshold=0.99999999999999178 -1.0000000180025095e-35 -0.0018885892826571158 1.0000000180025095e-35 0.32322329844045117 13.569781074629747 42.546438765298277 0.16153292845523867 0.37209302195781507 0.31344102290476872 0.16091159005619574 -0.10497482789837374 -0.078351813823458946 0.36245796907836253
decision_type=2 2 2 2 2 2 2 2 2 2 2 2 2 2
left_child=1 9 3 -3 11 8 -7 -4 -6 10 -1 13 -11 -2
right_child=4 2 7 -5 5 6 -8 -9 -10 12 -12 -13 -14 -15
leaf_value=0.014176744003496082 0.0081562163186135357 -0.045154942273663012 -0.03720079819007345 0.017465306205524948 0.01476147181215998 -0.025942277287992883 0.0081035398138399242 -0.0016049828607255262 0.037494921161717654 0.033773378994952842 -0.0059617554319342228 -0.0086774108112527056 0.0011073325667354411 0.07710486936459636
leaf_weight=130.35744540393353 17.793446242809299 193.21745966374874 59.222446449100971 46.82929552346468 298.26327496767044 76.535896718502045 382.57041829824448 950.65558083355427 135.30173209309578 69.357996061444283 135.78188914060593 368.06803211569786 25.770190075039864 5.3977249264717093
leaf_count=646 91 1561 873 277 1245 421 1861 4830 553 328 761 1888 138 25
internal_value=-9.263e-05 -0.00510566 -0.00930915 -0.0329387 0.00619818 0.0118639 0.00242789 -0.00369243 0.0218559 0.0094377 0.00390226 -0.00672843 0.0249242 0.024204
internal_weight=2895.12 1611.19 1249.92 240.047 1283.93 892.671 459.106 1009.88 433.565 361.268 266.139 391.259 95.1282 23.1912
internal_count=15498 9414 7541 1838 6084 4080 2282 5703 1798 1873 1407 2004 466 116
is_linear=0
shrinkage=0.05


Tree=35
num_leaves=15
num_cat=0
split_feature=0 6 0 8 1 9 4 3 8 7 3 0 9 1
split_gain=38.6872 39.1522 28.3386 20.6834 18.8931 13.6857 15.722 15.7172 12.6108 9.07157 5.84358 4.55137 2.41139 1.67045
threshold=0.75609755959250458 0.26820721750065513 0.12294197001331682 0.21007904844558106 0.34883716792861952 99.9999368351463 -0.094200586409106599 -0.0030189109136477539 0.13164871244385187 0.78134322984562121 0.052091433385173642 0.65989689381449723 99.99999920526318 0.66009704873038322
decision_type=2 2 2 2 2 2 2 2 2 2 2 2 2 2
left_child=1 11 4 -4 -3 6 7 -2 -8 10 -7 13 -11 -1
right_child=5 2 3 -5 -6 9 8 -9 -10 12 -12 -13 -14 -15
leaf_value=-0.038970284570589764 0.01950879643894439 -0.0089162872909124315 -0.0017272191547474008 0.012225595980791388 0.018305825075203546 0.00669212056290934 -0.010087249866966056 -0.059676707621164275 -0.027210679783598979 -0.050607888683118718 0.046060873889433682 0.040125354854546574 -0.0011507391194331912 -0.0036418562165990245
leaf_weight=62.090727739036083 50.932640634477139 74.863345555961132 1451.8983944877982 325.07374944537878 428.90130286663771 20.927014052867889 234.52600107342005 7.1456368193030348 198.55447656661272 5.6516874209046346 17.1504907310009 1.9668146967887867 4.3705321550369263 3.5365802049636832
leaf_count=919 261 342 7258 1568 1918 102 1549 43 1371 30 74 14 22 27
internal_value=-9.19958e-05 0.00268135 0.00379279 0.000825265 0.0142604 -0.0121692 -0.0146619 0.00976624 -0.0179378 0.0132841 0.0244242 -0.0348204 -0.0290404 -0.0370665
internal_weight=2887.59 2348.33 2280.74 1776.97 503.765 539.258 491.159 58.0783 433.08 48.0997 38.0775 67.5941 10.0222 65.6273
internal_count=15498 12046 11086 8826 2260 3452 3224 304 2920 228 176 960 52 946
is_linear=0
shrinkage=0.05


Tree=36
num_leaves=15
num_cat=0
split_feature=0 5 2 5 4 8 2 2 9 7 4 7 0 0
split_gain=35.7862 47.4879 56.2401 49.726 80.961 36.5538 30.3389 28.6369 26.0282 25.3089 17.4077 15.4082 7.57285 4.65329
threshold=0.38202247158818337 1.0000000180025095e-35 0.39382007718292467 -0.0042173830882271104 -1.0000000180025095e-35 0.0015920413708981047 0.15151515149219472 0.42857140962099216 99.999861904952851 0.11519609223424083 0.031545776205219041 0.685322645232184 0.87292411776242251 0.33724370039640389
decision_type=2 2 2 2 2 2 2 2 2 2 2 2 2 2
left_child=1 3 13 7 -5 6 12 -1 9 -7 -4 -10 -2 -3
right_child=5 2 10 4 -6 8 -8 -9 11 -11 -12 -13 -14 -15
leaf_value=0.044574001487005327 -0.033469470968092628 0.077250502356725939 0.040719510953445115 -0.039171207331467763 0.003975294132087406 0.0093489772430500849 0.02642477457783848 0.00015127456245913535 0.02286276880983024 -0.014261520489610694 -0.032738776892741961 -0.01284178314566292 0.0030127233475168488 0.025187971941925347
leaf_weight=105.16991445422173 30.84210129827261 49.536072120070457 12.194313824176787 120.93984624743462 1076.3742474392056 128.60104627907276 143.13973335176706 55.383976563811302 94.717654123902321 966.69073405116796 23.816085025668144 44.372103072702885 26.400567300617695 4.6990334689617148
leaf_count=461 138 205 56 828 5381 655 611 229 429 6047 100 218 120 20
internal_value=-8.98919e-05 0.00545513 0.0405769 0.0031209 -0.000382903 -0.00568651 0.0141215 0.0292501 -0.00890203 -0.0114894 -0.00786337 0.0114724 -0.0166437 0.0727397
internal_weight=2882.88 1448.11 90.2455 1357.87 1197.31 1434.76 200.382 160.554 1234.38 1095.29 36.0104 139.09 57.2427 54.2351
internal_count=15498 7280 381 6899 6209 8218 869 690 7349 6702 156 647 258 225
is_linear=0
shrinkage=0.05


Tree=37
num_leaves=15
num_cat=0
split_feature=0 2 1 1 4 7 0 9 4 3 9 9 1 7
split_gain=33.3479 37.3173 26.3813 25.3183 18.5888 13.098 12.8583 12.256 15.5875 13.985 12.5117 9.71906 9.14277 17.3431
threshold=0.75609755959250458 1.0000000180025095e-35 0.71764705831695508 0.53571427136479655 0.0049049681222181904 0.54833031129884968 0.13373983656929742 73.192128172078526 -0.094200586409106599 -0.0030189109136477539 5.0157231704961314 99.999991833334022 0.82850135658206658 0.83616687896192332
decision_type=2 2 2 2 2 2 2 2 2 2 2 2 2 2
left_child=1 2 11 4 -3 -4 -5 8 9 -2 -10 -1 -9 -14
right_child=7 3 5 6 -6 -7 -8 12 10 -11 -12 -13 13 -15
leaf_value=-0.026180676014933353 0.018369229966539623 0.0040974033621840071 -0.0010763098592170863 0.021722223748305042 -0.011904690693890515 0.070482924050631321 0.0070279807877143292 -0.00064287021549746691 -0.0021701595273196784 -0.058332068639648675 -0.023276807175640873 0.048666990933675047 0.089089033085674396 -0.037677866078837337
leaf_weight=192.33514558896422 51.307764030992985 1130.6380579173565 193.57469915598631 279.34933348745108 216.18406601250172 6.6130408048629752 318.75794076919556 72.488121517002583 91.914804011583328 6.7214328423142424 297.37666410952806 4.4372419044375411 8.003026254475115 4.0703269988298407
leaf_count=1598 261 5662 893 1245 1066 29 1531 405 512 42 2162 22 43 27
internal_value=-8.78245e-05 0.00247904 -0.0114917 0.00533047 0.00152884 0.00128759 0.013891 -0.0113898 -0.0146898 0.00948504 -0.0182934 -0.0244929 0.00606683 0.0463517
internal_weight=2873.77 2341.89 396.96 1944.93 1346.82 200.188 598.107 531.882 447.321 58.0292 389.291 196.772 84.5615 12.0734
internal_count=15498 12046 2542 9504 6728 922 2776 3452 2977 303 2674 1620 475 70
is_linear=0
shrinkage=0.05


Tree=38
num_leaves=15
num_cat=0
split_feature=0 5 2 5 4 1 4 1 4 3 1 4 5 3
split_gain=30.3606 45.3804 72.3465 42.8783 129.132 24.5904 20.3195 23.5408 19.1414 34.8518 32.184 14.2121 9.31661 8.52925
threshold=0.59451951131933434 1.0000000180025095e-35 0.39382007718292467 -0.0042173830882271104 -1.0000000180025095e-35 0.42857142658163266 1.0000000180025095e-35 0.38564711007119379 -1.0000000180025095e-35 -0.0050104392868648975 0.42644808644851268 0.031545776205219041 -0.060060013675044703 0.02076060167934202
decision_type=2 2 2 2 2 2 2 2 2 2 2 2 2 2
left_child=1 3 -3 5 -5 -1 8 13 9 -2 -10 -4 -9 -8
right_child=6 2 11 4 -6 -7 7 12 10 -11 -12 -13 -14 -15
leaf_value=0.0070165499967149436 0.00052369945649311563 0.067777617874035481 0.024136001306766481 -0.041180487916875001 0.0034843373869149503 0.039148554443621725 -0.011351074621766558 0.034654214828724841 -0.0079920700342172371 -0.031389258047595847 0.024319357466649427 -0.023613305820710896 -0.034153956670832104 0.025440750526782303
leaf_weight=137.58637243509293 232.23753918707371 67.823495119810104 24.986471958458424 182.81873317062855 1409.1358923614025 104.97074031829834 37.208738543093204 5.0906038433313361 184.03081505000591 135.4490881934762 132.59332282841206 41.409963488578796 146.33110982179642 27.317337274551392
leaf_count=592 1425 289 122 1339 6961 470 240 32 973 1034 638 188 1030 165
internal_value=-8.59712e-05 0.0033922 0.031457 0.00133887 -0.00164493 0.0209222 -0.00769222 -0.0210642 -0.00347244 -0.0112325 0.00553905 -0.00564417 -0.0318407 0.00422487
internal_weight=2868.99 1968.73 134.22 1834.51 1591.95 242.557 900.259 215.948 684.311 367.687 316.624 66.3964 151.422 64.5261
internal_count=15498 9961 599 9362 8300 1062 5537 1467 4070 2459 1611 310 1062 405
is_linear=0
shrinkage=0.05


Tree=39
num_leaves=12
num_cat=0
split_feature=6 0 5 2 5 8 2 9 0 7 0
split_gain=30.0825 35.3328 35.9184 39.0971 37.0443 33.569 29.2285 25.9765 3.5103 1.1494 1.36694
threshold=0.26820721750065513 0.36507936421012854 1.0000000180025095e-35 0.42499999415625017 -0.021451302433614147 0.00069747219414901531 0.15151515149219472 99.9999368351463 0.99999850000250012 0.64433735804272396 0.65989689381449723
decision_type=2 2 2 2 2 2 2 2 2 2 2
left_child=8 2 4 -4 -2 6 -3 -7 9 10 -1
right_child=1 5 3 -5 -6 7 -8 -9 -10 -11 -12
leaf_value=-0.037314646486189304 0.029570509011746918 -0.017796466510925063 0.062278419780972462 -0.0081081414410923286 0.0014790399128054143 -0.0097850556377046191 0.029862524009021965 0.013580407756782318 0.042659296601935938 0.0084864218710983819 -0.0057968609789834135
leaf_weight=61.685678232461214 131.06125515699387 44.328722015023232 56.450390487909317 30.328610748052597 1122.4283780455589 1156.8033582866192 117.29187345504761 132.58577683568001 1.5049481242895115 1.515695884823798 3.6433527171611777
leaf_count=938 577 193 233 131 5223 7052 489 603 15 14 30
internal_value=-8.5857e-05 0.000716631 0.00656987 0.0376788 0.0044162 -0.00468989 0.0167908 -0.00738242 -0.032858 -0.0345582 -0.0355569
internal_weight=2859.63 2791.28 1340.27 86.779 1253.49 1451.01 161.621 1289.39 68.3497 66.8447 65.329
internal_count=15498 14501 6164 364 5800 8337 682 7655 997 982 968
is_linear=0
shrinkage=0.05


Tree=40
num_leaves=15
num_cat=0
split_feature=2 0 1 2 8 4 8 1 8 8 7 8 9 7
split_gain=27.0108 36.1979 27.0928 26.91 21.281 24.5987 20.8604 20.6357 19.6397 12.5552 8.1213 6.99102 5.4683 0.830781
threshold=0.019999999733333339 0.59451951131933434 0.74527628482776842 0.62823918396850043 0.0052425731166605071 -0.12004901960784313 0.002491107343347117 0.42644808644851268 0.18991523056547685 0.41938177306229701 0.87034992182432602 0.012835826143937875 99.999861904952851 0.67677669486547287
decision_type=2 2 2 2 2 2 2 2 2 2 2 2 2 2
left_child=2 3 10 8 7 -6 -5 -3 -2 11 12 -4 -1 -11
right_child=1 4 9 6 5 -7 -8 -9 -10 13 -12 -13 -14 -15
leaf_value=-0.023943350664380619 0.0062248668964015683 -0.010767870206397797 -0.017579818039506961 0.013146425215997293 0.025861531023771381 -0.012438707682599429 -0.019079186628243792 0.033494327481024162 0.021291176678344393 0.072172526388945099 0.067149549088533447 0.0041895518839034388 0.0067002642364968786 0.042911283907606117
leaf_weight=253.02383329346776 1061.9768050536513 46.858565129339695 46.863382935523987 72.837621934711933 44.904996864497662 631.21845708787441 161.70742805302143 60.114607818424702 271.62713251262903 4.8932754769921285 2.5686722919344893 173.1165456995368 15.447141312062739 4.810320220887661
leaf_count=2023 5075 217 213 309 212 4145 793 265 1273 22 14 833 78 26
internal_value=-8.28585e-05 0.00216266 -0.0106271 0.00654672 -0.00661642 -0.00989498 -0.00907157 0.0141057 0.00929356 0.00200714 -0.0213336 -0.000448082 -0.0221802 0.057667
internal_weight=2851.97 2351.25 500.723 1568.15 783.097 676.123 234.545 106.973 1333.6 229.684 271.04 219.98 268.471 9.7036
internal_count=15498 12289 3209 7450 4839 4357 1102 482 6348 1094 2115 1046 2101 48
is_linear=0
shrinkage=0.05


Tree=41
num_leaves=15
num_cat=0
split_feature=6 9 2 1 8 5 5 2 9 7 3 3 9 2
split_gain=27.1163 16.4972 14.8093 24.9288 16.6231 12.435 11.6615 10.3761 10.4966 7.45699 8.38472 7.20514 6.33129 5.05276
threshold=0.51029523110133868 99.999997929062872 0.076403230508451644 0.72222221620370386 0.00064672637148339149 0.0016300795510705293 -0.0026008901876428676 0.14285713911564638 53.333319757579225 0.685322645232184 0.019908320035044839 -0.070938416422287362 12.499996093751273 0.1499999968750001
decision_type=2 2 2 2 2 2 2 2 2 2 2 2 2 2
left_child=5 2 3 -2 -4 6 11 -7 -9 13 -11 -1 -8 -3
right_child=1 9 4 -5 -6 7 12 8 -10 10 -12 -13 -14 -15
leaf_value=-0.035268816899665691 -0.01629751683446088 0.014532852100619942 0.014325195688757517 0.0034518168728600801 0.00094243878332357254 0.10337275936132484 -0.018299204226128692 0.077740605420875145 -0.041361952310620578 0.059397513072860446 -0.0089001152458807707 0.0243046537644615 -0.038642891263350881 0.050385262572726935
leaf_weight=6.7218326926231411 305.25323697179556 15.033696338534353 269.80390308797359 335.29746644198895 1657.7684826180339 3.590438023209571 108.91286569833755 2.8776418715715391 5.1796435415744781 5.626989513635638 22.315380215644836 20.72235569357872 58.942601166665554 28.376327008008957
leaf_count=30 1725 64 1119 1613 8739 24 1287 20 37 27 104 100 487 122
internal_value=-8.07414e-05 0.00128575 0.00062686 -0.00595969 0.00281563 -0.0175094 -0.0205026 0.0326779 0.00117527 0.0250006 0.00485355 0.00971348 -0.0254429 0.0379689
internal_weight=2846.42 2639.48 2568.12 640.551 1927.57 206.947 195.3 11.6477 8.05729 71.3524 27.9424 27.4442 167.855 43.41
internal_count=15498 13513 13196 3338 9858 1985 1904 81 57 317 131 130 1774 186
is_linear=0
shrinkage=0.05


Tree=42
num_leaves=13
num_cat=0
split_feature=6 0 4 2 5 4 1 1 0 2 2 4
split_gain=25.6247 30.0595 31.9944 35.2452 27.201 29.8995 18.6438 14.4276 3.24212 1.21523 2.93429 0.0122945
threshold=0.26820721750065513 0.24242423140495925 1.0000000180025095e-35 0.1842105259522161 -0.0042173830882271104 -0.0023584938458051092 0.38095235374149877 0.45780515582569248 0.99999850000250012 0.33333331212121353 0.22222211934161337 0.0013081121776774565
decision_type=2 2 2 2 2 2 2 2 2 2 2 2
left_child=8 4 3 -3 6 -6 -2 -4 9 10 -1 -11
right_child=1 2 7 -5 5 -7 -8 -9 -10 11 -12 -13
leaf_value=-0.032868400804705399 -0.0038899653030546322 -0.0086581213281889564 -0.0079425743936764135 0.0068759439018379514 -0.024824212974869871 0.0079552271735063608 0.04575932517265658 -0.028528207809573072 0.040600793043636618 -0.055078081800168578 0.036987536157853003 -0.060272281465607903
leaf_weight=56.413542110472918 25.57879801094532 647.30146237462759 199.08946965634823 837.70625121891499 76.462707810103893 771.34568876028061 72.503331869840622 148.67825987190008 1.5318133309483517 3.0472570471465579 1.5444207862019528 1.8194483667612074
leaf_count=916 104 3740 1083 4367 494 3343 342 1028 15 39 12 15
internal_value=-7.85429e-05 0.000643872 -0.00309214 0.000104785 0.00788284 0.00499889 0.0328113 -0.0167434 -0.0312697 -0.033022 -0.0310069 -0.05702
internal_weight=2843.02 2778.67 1832.78 1485.01 945.891 847.808 98.0821 347.768 64.3565 62.8247 57.958 4.86671
internal_count=15498 14501 10218 8107 4283 3837 446 2111 997 982 928 54
is_linear=0
shrinkage=0.05


Tree=43
num_leaves=15
num_cat=0
split_feature=6 5 4 5 6 0 2 9 2 6 0 4 0 0
split_gain=25.0482 30.7287 53.5391 52.0555 24.3344 31.105 40.4617 31.933 19.6263 19.1714 15.1045 11.7822 11.6746 11.4106
threshold=0.99999999999999178 -1.0000000180025095e-35 -0.0018885892826571158 1.0000000180025095e-35 1.0064900539756947 0.31053964450023291 0.62823918396850043 83.386411688467589 0.2640199093260161 0.16153292845523867 0.33724370039640389 -0.092411220661373347 0.083333331481481546 0.74193547748872724
decision_type=2 2 2 2 2 2 2 2 2 2 2 2 2 2
left_child=1 10 3 -3 8 6 -6 -7 13 -4 -1 -12 -10 -2
right_child=4 2 9 -5 5 7 -8 -9 12 -11 11 -13 -14 -15
leaf_value=0.027716738764803323 -0.0068533942379393701 -0.042708599276599479 -0.033337528472732109 0.016724783106019849 0.018029427464402243 -0.013917975435041981 -0.025133951541485358 0.013892709991852001 -0.0076469551301138645 -0.0015102339445886301 0.018907681859594901 -0.0037694740847498752 0.033098026629296846 0.023972849756025868
leaf_weight=80.512761905789375 92.55201219022274 175.74841076135635 49.813468281179667 46.61385203897953 354.74357475340366 399.93237429857254 64.105637401342392 139.12475091964006 19.844849616289139 943.18148124963045 81.978430829942226 190.10157544910908 154.08621050417423 44.431366167962551
leaf_count=364 379 1561 873 277 1534 2336 278 644 80 4830 384 1125 633 200
internal_value=-7.62275e-05 -0.00430272 -0.00807289 -0.0302496 0.00514668 0.00120175 0.0114232 -0.00674034 0.0173007 -0.00310685 0.00869272 0.00306321 0.0284492 0.00314528
internal_weight=2836.77 1567.95 1215.36 222.362 1268.82 957.906 418.849 539.057 310.914 992.995 352.593 272.08 173.931 136.983
internal_count=15498 9414 7541 1838 6084 4792 1812 2980 1292 5703 1873 1509 713 579
is_linear=0
shrinkage=0.05


Tree=44
num_leaves=15
num_cat=0
split_feature=6 5 4 5 6 0 1 9 8 0 4 0 1 1
split_gain=22.6863 27.8804 49.944 48.9678 21.9509 28.0842 31.4085 28.9405 20.5361 14.3725 9.73947 8.41961 16.7457 7.84332
threshold=0.99999999999999178 -1.0000000180025095e-35 -0.0018885892826571158 1.0000000180025095e-35 1.0064900539756947 0.31053964450023291 0.32499999390625017 99.999861904952851 0.0068595523583665852 0.91709621920369055 -0.17678314916018648 0.34615382618343332 0.31428570829931995 0.44444444222222229
decision_type=2 2 2 2 2 2 2 2 2 2 2 2 2 2
left_child=1 9 3 -3 11 6 -6 -7 -4 10 -1 12 -2 -13
right_child=4 2 8 -5 5 7 -8 -9 -10 -11 -12 13 -14 -15
leaf_value=0.058332908007769024 0.033502947056312064 -0.04189092689669504 -0.013185698401052085 0.015748656462550189 -0.015312754569710905 -0.012389452045154894 0.017996981220877745 0.016185545437956635 0.0021070653157074168 -0.024232844355261934 0.0097903959675369051 0.014273903360770153 -0.0018814441995596383 0.037215707433452816
leaf_weight=10.688800498843191 47.332095593214035 170.35772118344903 328.26610385999084 47.017186500132084 90.146910697221756 424.95158012956381 329.22897066175938 111.95136095583439 662.70766526460648 31.022062234580517 310.5140465721488 79.878045476973057 113.89183881878853 69.818029202520847
leaf_count=47 191 1561 2110 277 391 2492 1421 488 3593 207 1619 333 464 304
internal_value=-7.58315e-05 -0.00411145 -0.00771965 -0.0294238 0.00489409 0.00114172 0.0108369 -0.00643119 -0.00295876 0.00826691 0.0114058 0.016435 0.0085067 0.0249739
internal_weight=2827.77 1560.57 1208.35 217.375 1267.2 956.279 419.376 536.903 990.974 352.225 321.203 310.92 161.224 149.696
internal_count=15498 9414 7541 1838 6084 4792 1812 2980 5703 1873 1666 1292 655 637
is_linear=0
shrinkage=0.05


Tree=45
num_leaves=15
num_cat=0
split_feature=0 5 2 5 4 0 4 4 6 7 8 2 3 3
split_gain=22.2893 26.0965 45.8906 27.4981 117.536 23.4592 17.4201 9.05725 9.41488 18.8896 5.25568 4.61255 6.75573 6.66492
threshold=0.75609755959250458 1.0000000180025095e-35 0.243116931153603 -0.0042173830882271104 -0.0013015276225316061 0.10416666547309032 -0.0013015276225316061 -0.12359742399281114 0.99999999999997324 0.49064178682560627 0.00049782222077656508 0.16060404207799553 -0.030824029187710097 -0.068635098345110265
decision_type=2 2 2 2 2 2 2 2 2 2 2 2 2 2
left_child=1 3 -3 5 -5 -1 -4 11 10 -10 -9 12 -2 -13
right_child=7 2 6 4 -6 -7 -8 8 9 -11 -12 13 -14 -15
leaf_value=0.051654528242647546 0.01809585201221715 0.065009210663342573 0.038864859089932861 -0.038310090798202828 0.0025157898250757673 0.0090230968033219779 -0.0032213638189125754 -0.069233714758411627 -0.021785830837495274 0.0080860698884374967 -0.016746281207884291 -0.012868830379059632 -0.052254309928279209 0.060383633191448065
leaf_weight=36.236625954508781 12.533243015408518 43.406674355268478 31.704716354608536 198.18985358998179 1595.7803864143789 294.76329118013382 109.52519173920155 4.8610780686140052 87.319611825048923 134.34559682011604 252.72769720107317 4.5343704521656027 4.6894168481230762 9.8520414084196073
leaf_count=180 57 190 165 1617 7954 1390 550 29 675 746 1856 20 24 45
internal_value=-7.51087e-05 0.00201534 0.0200459 0.000448684 -0.00199447 0.0136902 0.00622658 -0.00952603 -0.0112358 -0.00368124 -0.0177368 0.0163974 -0.00105922 0.0372956
internal_weight=2820.47 2309.61 184.637 2124.97 1793.97 331 141.23 510.863 479.254 221.665 257.589 31.6091 17.2227 14.3864
internal_count=15498 12046 905 11141 9571 1570 715 3452 3306 1421 1885 146 81 65
is_linear=0
shrinkage=0.05


Tree=46
num_leaves=15
num_cat=0
split_feature=2 0 2 5 1 5 8 8 1 1 0 7 7 8
split_gain=20.935 28.6331 22.375 25.8796 19.0574 16.1477 15.4527 15.1825 21.4172 17.2321 10.5627 9.52208 11.0778 7.33102
threshold=0.019999999733333339 0.59451951131933434 0.62823918396850043 1.0000000180025095e-35 0.90113274666261811 0.025300074650322139 0.002491107343347117 0.0052425731166605071 0.34883716792861952 0.42644808644851268 0.48387094432882544 0.32322329898953256 0.35551270635082771 0.0095233506420935119
decision_type=2 2 2 2 2 2 2 2 2 2 2 2 2 2
left_child=4 2 3 -2 5 13 -4 9 -9 -3 -7 -6 -13 -1
right_child=1 7 6 -5 11 10 -8 8 -10 -11 -12 12 -14 -15
leaf_value=-0.027287202367849858 0.0061824709155256117 -0.011195955001994828 0.010449134915963198 0.031349702847718292 -0.0062815070827511588 0.10990417417991148 -0.017329407269448118 0.002386491937111056 -0.01603338219361581 0.029460914727427148 0.0003717284897838079 0.053862202313311507 0.0067781673490570253 -0.011785409092572571
leaf_weight=106.35500317439437 1214.8491215743124 46.509432211518288 73.212627153843641 111.52458912134171 48.936112254858017 4.180720776319502 158.33862673863769 259.56579380854964 402.53936237841845 59.281073838472366 4.6482467725872993 19.849978223443031 33.703213170170784 269.59624016657472
leaf_count=1124 5849 217 309 499 236 18 793 1626 2731 265 30 84 173 1544
internal_value=-7.42036e-05 0.00190009 0.00579497 0.00829859 -0.00949784 -0.0146011 -0.0085463 -0.00600193 -0.00881222 0.0115866 0.0522379 0.00966166 0.0242303 -0.0161708
internal_weight=2813.09 2325.82 1557.92 1326.37 487.27 384.78 231.551 767.896 662.105 105.791 8.82897 102.489 53.5532 375.951
internal_count=15498 12289 7450 6348 3209 2716 1102 4839 4357 482 48 493 257 2668
is_linear=0
shrinkage=0.05


Tree=47
num_leaves=13
num_cat=0
split_feature=6 6 7 9 5 7 8 5 8 8 8 1
split_gain=20.6727 14.7341 26.0655 22.8949 21.2237 14.7793 8.96334 7.13226 2.19852 2.35985 9.39016 0.00353719
threshold=0.16153292845523867 0.99999999999999178 0.32322330047089348 13.999375925820134 -1.0000000180025095e-35 0.21153437328353938 0.31344102290476872 -0.10497482789837374 0.170279842825453 0.0012057278852968395 0.00049782222077656508 0.11111109932660058
decision_type=2 2 2 2 2 2 2 2 2 2 2 2
left_child=8 4 7 -4 6 -6 -2 -3 9 10 -1 -11
right_child=1 2 3 -5 5 -7 -8 -9 -10 11 -12 -13
leaf_value=-0.034231083930282145 0.0031109236771815776 0.021601983652622964 0.017949855767038485 0.0015887288699912095 -0.036515439478319034 -0.0050849118611194415 0.021227094360813648 -0.0075799062397573676 0.019746825190751282 -0.053070754193615614 0.081245372019128778 -0.055302804396797217
leaf_weight=32.155052650719881 257.65763287991285 22.150882422924042 409.91501136124134 446.97763687372208 38.70661835744977 1109.3979167416692 92.893460549414158 382.47471456229687 1.9316594190895546 10.15322022885084 1.8624264560639847 2.1510013341903678
leaf_count=624 1407 116 1699 2277 298 6350 466 1992 19 189 35 26
internal_value=-7.22064e-05 0.000494988 0.00447669 0.00941546 -0.00285667 -0.00614454 0.00791158 -0.00598237 -0.0325167 -0.0346961 -0.0279089 -0.053461
internal_weight=2808.43 2760.17 1261.52 856.893 1498.66 1148.1 350.551 404.626 48.2534 46.3217 34.0175 12.3042
internal_count=15498 14605 6084 3976 8521 6648 1873 2108 893 874 659 215
is_linear=0
shrinkage=0.05


Tree=48
num_leaves=12
num_cat=0
split_feature=6 0 4 4 0 5 7 0 7 0 7
split_gain=19.2395 22.9583 21.4204 24.8417 18.5064 17.3434 30.2444 7.08308 1.16304 0.605333 0.0963927
threshold=0.16153292845523867 0.12294197001331682 0.0018084661067944154 -0.0018885892826571158 0.20754716746173021 -0.0036036065283714942 0.21153437328353938 0.10416666547309032 0.64433735804272396 0.026315788434903096 0.25893608554983111
decision_type=2 2 2 2 2 2 2 2 2 2 2
left_child=8 5 3 -3 -4 7 -7 -2 9 10 -1
right_child=1 2 4 -5 -6 6 -8 -9 -10 -11 -12
leaf_value=-0.033202373801240186 0.050020380749344631 -0.0073103663487866528 0.021788639989224926 0.0047701027641082428 -0.015906292769315912 -0.057919472092709923 0.0098003439336885115 -0.0012438529682125379 0.012772912701365933 -0.05537736673062206 -0.027907505908825354
leaf_weight=30.639662124216557 35.343955025076866 655.49323212355375 35.897515192627907 1213.1308736428618 350.31375974416733 17.127219691872597 441.3848180398345 8.3251535296440107 1.4174445271491993 2.8865003064274779 11.947180688381193
leaf_count=614 180 4305 153 5729 2142 106 1950 40 14 36 229
internal_value=-7.00284e-05 0.000470115 -0.00168313 0.000532404 -0.0124026 0.0101383 0.00727074 0.0402473 -0.0318286 -0.0332189 -0.031717
internal_weight=2803.91 2757.02 2254.84 1868.62 386.211 502.181 458.512 43.6691 46.8908 45.4733 42.5868
internal_count=15498 14605 12329 10034 2295 2276 2056 220 893 879 843
is_linear=0
shrinkage=0.05


Tree=49
num_leaves=15
num_cat=0
split_feature=2 4 4 7 2 1 6 6 6 7 1 1 7 6
split_gain=18.1266 19.8544 25.5317 41.9114 21.7695 16.6332 15.0702 13.039 11.6534 9.72393 8.5101 6.82467 6.25811 4.98273
threshold=0.019999999733333339 0.0018084661067944154 -1.0000000180025095e-35 0.16091159005619574 0.57674980404104115 0.74527628482776842 1.5032621662600631 1.9909969029859784 1.1610777445423814 0.32322330264415639 0.99999998254401989 0.14777667835981564 0.87034992182432602 0.73200603805293063
decision_type=2 2 2 2 2 2 2 2 2 2 2 2 2 2
left_child=5 2 3 -2 6 12 -3 -4 10 -10 -7 -6 13 -1
right_child=1 4 7 -5 11 8 -8 -9 9 -11 -12 -13 -14 -15
leaf_value=-0.027617504609945061 0.013059957027984829 -0.0087870726141217794 0.008596717152910589 -0.013425285549866675 -0.02377046865102108 -0.0076696714493734684 0.019433431986596375 -0.034472530401088233 0.0028992285691969489 0.045987412831826224 0.047501699901571694 -0.062320267264426493 0.058257669416215907 -0.013058983970894517
leaf_weight=94.224167160689831 229.83297470957041 288.41311966627836 1251.7682570964098 426.65877893194556 26.415157288312912 167.21474875882268 56.58948577940464 17.823307514190674 30.646220877766609 22.861508995294571 7.2944202199578276 20.307086125016212 2.6813299953937522 156.20573641359806
leaf_count=1256 1213 1784 5704 3008 119 815 289 78 137 107 35 94 14 845
internal_value=-6.76886e-05 0.00176557 0.00385252 -0.004153 -0.00849582 -0.00889931 -0.00415817 0.00799208 0.000895579 0.0213089 -0.00536353 -0.0405255 -0.0177231 -0.0185366
internal_weight=2798.94 2317.81 1926.08 656.492 391.725 481.128 345.003 1269.59 228.017 53.5077 174.509 46.7222 253.111 250.43
internal_count=15498 12289 10003 4221 2286 3209 2073 5782 1094 244 850 213 2115 2101
is_linear=0
shrinkage=0.05


Tree=50
num_leaves=15
num_cat=0
split_feature=0 6 0 5 9 9 9 4 6 3 9 1 0 1
split_gain=17.5021 18.6258 15.4843 16.1221 15.9753 9.65224 7.03118 9.79647 7.03284 6.13818 3.50259 3.26088 2.70077 1.58155
threshold=0.86486486311176047 0.26820721750065513 0.12294197001331682 -0.0036036065283714942 99.999991833334022 61.260244665313898 18.862532765215068 -0.036035144531033063 1.2401994068734801 0.039054026572668106 65.507154010560555 0.91666665520833368 0.65989689381449723 0.66009704873038322
decision_type=2 2 2 2 2 2 2 2 2 2 2 2 2 2
left_child=1 12 3 -3 -4 6 8 -8 -2 10 -7 -11 13 -1
right_child=5 2 4 -5 -6 9 7 -9 -10 11 -12 -13 -14 -15
leaf_value=-0.033049419907059625 0.00063342030548457122 0.038991870776585835 -0.0011502685393362175 0.0069379782998266028 0.020144877680786974 0.030308874124265573 -0.0071680949828676057 -0.035249452552477557 -0.056825572626092904 0.012590875194083027 -0.017539612581233318 0.054268103142789896 0.023682311973740707 0.0033248033691772906
leaf_weight=46.949872627854347 59.731251548975706 42.909446567296982 1889.0897759869695 457.27229677140713 92.376719579100609 4.4399326667189589 50.233699690550566 81.361135330051184 5.846705511212348 25.941108636558059 27.599301911890507 5.7299653291702262 2.3887918069958678 3.1915201246738425
leaf_count=919 374 220 10041 2040 406 34 340 674 39 152 181 31 20 27
internal_value=-6.62667e-05 0.00120321 0.00182686 0.00968781 -0.000157481 -0.0123977 -0.0178646 -0.02453 -0.00448943 0.00452146 -0.0109089 0.0201312 -0.0282596 -0.0307342
internal_weight=2795.06 2534.18 2481.65 500.182 1981.47 260.883 197.173 131.595 65.578 63.7103 32.0392 31.6711 52.5302 50.1414
internal_count=15498 13673 12707 2260 10447 1825 1427 1014 413 398 215 183 966 946
is_linear=0
shrinkage=0.05


Tree=51
num_leaves=15
num_cat=0
split_feature=0 5 2 5 4 0 4 4 6 7 1 3 3 5
split_gain=16.2591 23.8615 38.5775 24.8037 100.74 18.2155 16.2919 7.81516 7.69134 14.9982 6.51636 4.61325 4.22468 2.94719
threshold=0.75609755959250458 1.0000000180025095e-35 0.243116931153603 -0.0042173830882271104 -0.0013015276225316061 0.10416666547309032 -0.068766288251343385 -0.12359742399281114 0.99999999999997324 0.49064178682560627 0.68042553112258408 -0.051273048112935753 -0.030428967639884948 0.013116019024489002
decision_type=2 2 2 2 2 2 2 2 2 2 2 2 2 2
left_child=1 3 13 5 -5 -1 -4 10 11 -10 12 -9 -2 -3
right_child=7 2 6 4 -6 -7 -8 8 9 -11 -12 -13 -14 -15
leaf_value=0.047499261821506447 0.035832981168820499 0.092927255177332746 0.09144358591757866 -0.036649588818841318 0.001976082074034294 0.008836622354319125 0.0028718665135762985 -0.035943755732267109 -0.019605331588124275 0.0073940357124540335 -0.039951376851669093 -0.013571130105450186 -0.011071962847048044 0.055041586728380915
leaf_weight=33.984448716044426 20.881534621119506 5.9509598165750495 5.399300977587699 188.82539351657033 1592.3196482509375 294.14804412424564 135.13039470463991 25.689600951969624 83.660848088562489 133.53906644880772 4.4948670268058768 223.53948169574142 6.2337237298488608 37.361531302332878
leaf_count=180 92 26 27 1617 7954 1390 688 164 675 746 22 1721 32 164
internal_value=-6.4229e-05 0.00171423 0.0189905 0.000208457 -0.00211876 0.0128409 0.00627489 -0.0082528 -0.00988333 -0.00300555 0.0158067 -0.0158772 0.0250497 0.0602469
internal_weight=2791.16 2293.12 183.842 2109.28 1781.15 328.132 140.53 498.039 466.429 217.2 31.6101 249.229 27.1153 43.3125
internal_count=15498 12046 905 11141 9571 1570 715 3452 3306 1421 146 1885 124 190
is_linear=0
shrinkage=0.05


Tree=52
num_leaves=13
num_cat=0
split_feature=6 0 5 5 4 4 3 5 8 8 8 6
split_gain=15.6402 18.0427 24.3789 23.5966 18.8828 23.7005 14.5407 14.1402 2.07819 2.56524 8.9817 0.00238947
threshold=0.16153292845523867 0.38202247158818337 1.0000000180025095e-35 -0.026771116472732056 1.0000000180025095e-35 -0.0018885892826571158 -0.028966685857845672 -0.080065920909078034 0.170279842825453 0.0012057278852968395 0.00049782222077656508 1.0000000180025095e-35
decision_type=2 2 2 2 2 2 2 2 2 2 2 2
left_child=8 2 3 -2 5 -3 -4 -6 9 10 -1 -11
right_child=1 4 6 -5 7 -7 -8 -9 -10 11 -12 -13
leaf_value=-0.031658586287870015 0.023446693206090483 -0.0090541357875772079 0.070727009372509378 0.00048537863101896371 0.054963269865925583 0.0058586321754095661 0.01978975512158785 -0.016922469497863309 0.021468272703031768 -0.052638613506878013 0.081900548911701856 -0.054420510915442921
leaf_weight=28.720926824957136 123.82590471953154 472.897106628865 17.403661251068115 1160.9154731072485 7.0143055468797675 610.23350724577904 71.860378101468086 276.60618840903044 1.886126048862933 8.4715908616781217 1.8535995110869397 2.418474316596984
leaf_count=624 574 3272 74 5468 36 3028 305 1848 19 180 35 35
internal_value=-6.34245e-05 0.00040789 0.00445399 0.00269844 -0.00365968 -0.000652314 0.0297209 -0.0151446 -0.0298613 -0.0321962 -0.024774 -0.0530343
internal_weight=2784.11 2740.76 1374.01 1284.74 1366.75 1083.13 89.264 283.62 43.3507 41.4646 30.5745 10.8901
internal_count=15498 14605 6421 6042 8184 6300 379 1884 893 874 659 215
is_linear=0
shrinkage=0.05


Tree=53
num_leaves=15
num_cat=0
split_feature=2 4 2 4 5 1 5 3 2 7 7 1 3 3
split_gain=15.9189 17.7118 20.7038 20.0412 42.6564 14.3875 13.3446 12.4727 11.7316 7.8587 9.55181 6.34888 5.77614 5.75147
threshold=0.019999999733333339 0.0018084661067944154 0.57674980404104115 -1.0000000180025095e-35 -1.0000000180025095e-35 0.90113274666261811 0.025300074650322139 0.067867315811801845 0.27692307053254461 0.32322329898953256 0.35551270635082771 0.14777667835981564 -0.0019361102364566227 -0.027161735847181841
decision_type=2 2 2 2 2 2 2 2 2 2 2 2 2 2
left_child=5 3 7 4 -2 6 12 -3 -5 13 -11 -4 -1 -7
right_child=1 2 11 8 -6 9 -8 -9 -10 10 -12 -13 -14 -15
leaf_value=-0.0092115468190052639 0.0067042981951362744 -0.0085279237885308046 -0.023400872059019317 0.0020555497051437449 -0.019678076878460696 -0.020018773735841842 0.048267187198836173 0.015738091457749608 0.011684541912477088 0.048629887428267946 0.0050797139317964686 -0.06083511186059113 -0.022044227967662838 0.015443987192694074
leaf_weight=215.58852941170335 393.73222660273314 274.48885751515627 26.303820550441742 585.45725011825562 250.81190901249647 29.789478600025177 8.6895224153995496 65.612469054758549 688.1310808211565 20.116735950112343 33.653501231223345 19.892382249236107 147.8081906363368 18.554761469364166
leaf_count=1198 2178 1707 119 2718 2043 140 48 366 3064 84 173 94 1470 96
internal_value=-6.15859e-05 0.00165518 -0.00811264 0.00362234 -0.00356189 -0.00840439 -0.0129669 -0.00384652 0.00725818 0.00822053 0.0213729 -0.0395203 -0.0144311 -0.00640799
internal_weight=2778.63 2304.43 386.298 1918.13 644.544 474.201 372.086 340.101 1273.59 102.114 53.7702 46.1962 363.397 48.3442
internal_count=15498 12289 2286 10003 4221 3209 2716 2073 5782 493 257 213 2668 236
is_linear=0
shrinkage=0.05


Tree=54
num_leaves=15
num_cat=0
split_feature=2 0 2 5 4 4 1 8 5 3 0 0 8 4
split_gain=14.4333 19.5777 19.3835 23.6207 14.1018 13.664 13.0711 12.8467 12.066 9.63716 6.79003 6.72243 6.52292 5.49486
threshold=0.019999999733333339 0.59451951131933434 0.62823918396850043 1.0000000180025095e-35 -0.12004901960784313 0.0024191377423526954 0.90113274666261811 0.0052425731166605071 0.0066353336562027252 -0.0058280732542670402 0.33724370039640389 0.99999998717105287 0.031220139894365725 -0.0013015276225316061
decision_type=2 2 2 2 2 2 2 2 2 2 2 2 2 2
left_child=6 2 3 -2 9 -4 8 -6 13 -3 -10 12 -8 -1
right_child=1 4 5 -5 7 -7 11 -9 10 -11 -12 -13 -14 -15
leaf_value=-0.028572220759239788 0.0050858719497101747 0.0299637551061923 -0.0038063953524721129 0.029184692158217309 0.0093150234749058754 -0.039477764267610925 -0.018174161869051991 -0.0096164504937049748 0.076744279191987508 -0.043898728757963731 0.0033966366384725467 0.053687397834969897 0.011899491912508728 -0.011453171632070266
leaf_weight=55.510024037212133 1210.9084852077067 40.561227612197399 198.58993060514331 111.00221219658852 105.32642375677824 31.042397238314152 24.217420767992735 600.58129762485623 5.5713022798299772 4.9556737393140784 7.27608622610569 7.4033080860972396 70.578059494495392 301.31840043514967
leaf_count=454 5849 185 960 499 482 142 120 4145 24 27 48 41 332 2190
internal_value=-6.03525e-05 0.00157196 0.00478021 0.00710947 -0.00505243 -0.00862856 -0.00802679 -0.00679174 -0.0124023 0.0219219 0.035204 0.00780025 0.00421657 -0.0141163
internal_weight=2774.84 2302.97 1551.54 1321.91 751.425 229.632 471.875 705.908 369.676 45.5169 12.8474 102.199 94.7955 356.828
internal_count=15498 12289 7450 6348 4839 1102 3209 4627 2716 212 72 493 452 2644
is_linear=0
shrinkage=0.05


Tree=55
num_leaves=12
num_cat=0
split_feature=8 0 5 2 5 8 1 2 0 0 2
split_gain=13.7604 14.2863 23.4619 26.4367 22.3682 20.2218 18.2285 16.7415 3.30341 4.27707 1.12047
threshold=1.0000000180025095e-35 0.36507936421012854 1.0000000180025095e-35 0.39382007718292467 -0.026771116472732056 0.00069747219414901531 0.29411764576124572 0.15151515149219472 0.76744185421849653 0.30350984741354298 0.69230768831360956
decision_type=2 2 2 2 2 2 2 2 2 2 2
left_child=8 2 4 -4 -2 7 -7 -3 9 10 -1
right_child=1 5 3 -5 -6 6 -8 -9 -10 -11 -12
leaf_value=-0.030191659512865079 0.023185102540199745 -0.014587218462791743 0.051803489574661812 -0.0049621421980024054 0.00018526288167625054 0.0023238778922453321 -0.010078408329424721 0.024098561278811492 -0.068560363118026407 0.010015398612708844 -0.072709851201317982
leaf_weight=26.785600975155834 116.57618829607964 37.443769007921219 51.870926752686501 33.924858555197716 1134.2236572504044 485.36235758662224 760.46708922833204 110.48663632571697 4.6664492338895789 7.4031573906540862 1.6446293406188477
leaf_count=613 548 162 219 147 5517 2864 4889 466 29 35 9
internal_value=-5.85961e-05 0.000370541 0.00406384 0.0293576 0.00232888 -0.00317128 -0.0052466 0.0143065 -0.0289895 -0.0238363 -0.0326512
internal_weight=2770.86 2730.36 1336.6 85.7958 1250.8 1393.76 1245.83 147.93 40.4998 35.8334 28.4302
internal_count=15498 14812 6431 366 6065 8381 7753 628 686 657 622
is_linear=0
shrinkage=0.05


Tree=56
num_leaves=13
num_cat=0
split_feature=6 0 9 4 8 3 0 3 3 4 1 8
split_gain=13.2936 14.659 14.3416 14.0077 12.9691 24.7212 10.3011 9.71792 9.30108 10.2169 5.28455 4.95456
threshold=0.60168967845130383 0.12294197001331682 99.999997929062872 1.0000000180025095e-35 0.029666611892635506 -0.034897679319238366 0.083333331481481546 0.067867315811801845 -0.01763614536723784 0.0013081121776774565 0.66009704873038322 0.068323406826205649
decision_type=2 2 2 2 2 2 2 2 2 2 2 2
left_child=7 4 3 -3 6 -6 -2 8 9 -1 -10 -4
right_child=1 2 11 -5 5 -7 -8 -9 10 -11 -12 -13
leaf_value=0.0052277612294866597 -0.011514999263566009 0.00042501095764026258 0.052757449591507515 -0.010875477248286906 -0.0042058804926960024 0.025335218782090663 0.01676411244297342 0.059594084202680989 -0.021511014199034936 -0.040140175182822334 0.0061030700466373081 0.015871113957037334
leaf_weight=102.60529198497534 104.92369478940964 1603.8814573809505 10.76148462295532 330.78442287445068 108.90326049178839 202.51841989904642 46.462916940450668 4.9282543733716002 156.70662588998675 14.117099329829214 19.479169759899378 59.09325185418129
leaf_count=618 442 8368 46 2008 479 937 193 25 1862 93 167 260
internal_value=-5.61367e-05 0.00114836 -0.000703483 -0.00150712 0.00916908 0.0150048 -0.0028357 -0.0100344 -0.0112059 -0.000259306 -0.018458 0.0215536
internal_weight=2765.17 2467.33 2004.52 1934.67 462.808 311.422 151.387 297.836 292.908 116.722 176.186 69.8547
internal_count=15498 12733 10682 10376 2051 1416 635 2765 2740 711 2029 306
is_linear=0
shrinkage=0.05


Tree=57
num_leaves=15
num_cat=0
split_feature=2 0 2 4 4 1 6 9 3 7 6 6 1 0
split_gain=12.4671 15.9095 17.2797 12.7159 12.1763 11.3259 9.06852 9.01594 8.72036 7.43179 11.8786 6.62107 7.672 6.37134
threshold=0.019999999733333339 0.59451951131933434 0.62823918396850043 -0.12004901960784313 0.0024191377423526954 0.90113274666261811 0.99999999999997136 42.857142551785721 -0.0039824777323825824 0.32322329898953256 0.9999999999999768 1.1409027196045329 0.65273381396271768 0.19354837773153019
decision_type=2 2 2 2 2 2 2 2 2 2 2 2 2 2
left_child=5 2 7 8 -4 11 -5 -2 -3 -7 -11 13 -13 -1
right_child=1 3 4 6 -6 9 -8 -9 -10 10 -12 12 -14 -15
leaf_value=-0.025794078171085984 0.0043212220569538414 0.027995109769671359 -0.0038120420222874959 -0.011598595318578814 -0.037719429877602517 -0.007010034038331195 -0.00018684765264392777 0.014221742889705841 -0.047273923693787155 -0.0062584018576601862 0.0410048094910073 -0.017931390684746539 0.01561371485122596 -0.0099423121618980783
leaf_weight=92.477270573377609 1025.4755265265703 41.448354870080948 198.36134435608983 369.30511477962136 30.555428095161915 48.398600663989782 329.33843322098255 296.41936899721622 4.2418716475367537 23.937551639974117 29.898706808686256 28.545277006924152 42.30645377188921 201.52867354080081
leaf_count=1114 4956 188 960 2619 142 236 2008 1392 24 126 131 161 194 1247
internal_value=-5.44274e-05 0.00146094 0.00434496 -0.00454787 -0.00833794 -0.00750048 -0.00621913 0.0065413 0.0210071 0.00720795 0.0199899 -0.0116219 0.00209881 -0.0149284
internal_weight=2762.24 2295.15 1550.81 744.334 228.917 467.093 698.644 1321.89 45.6902 102.235 53.8363 364.858 70.8517 294.006
internal_count=15498 12289 7450 4839 1102 3209 4627 6348 212 493 257 2716 355 2361
is_linear=0
shrinkage=0.05


Tree=58
num_leaves=14
num_cat=0
split_feature=9 0 5 4 0 0 8 7 4 4 3 1 7
split_gain=11.7455 15.3345 12.7866 47.8937 17.6339 11.9715 5.20266 6.96209 8.4538 4.1192 3.6261 3.46425 2.71865
threshold=99.999997929062872 0.92307679881658788 -0.001216467620657413 -0.004615134171314538 0.10416666547309032 0.99999991106720165 0.068323406826205649 0.685322645232184 0.022033295989784766 0.0029677771613255692 0.029580330092202626 0.32499999390625017 0.063934428765900789
decision_type=2 2 2 2 2 2 2 2 2 2 2 2 2
left_child=1 2 4 -4 -1 12 11 10 -9 -7 -8 -2 -3
right_child=6 5 3 -5 -6 9 7 8 -10 -11 -12 -13 -14
leaf_value=0.043026512594319687 0.026748594527981281 -0.053844363353954962 -0.021644250854160489 0.0014178659124541532 0.0050433065031529334 0.02004663293284124 -0.016103888955134208 -0.03545103550148862 0.021617877264606872 -0.021444282021386707 0.033797436384591595 0.082959167746791046 -0.023451668430103781
leaf_weight=32.835161648690701 6.3272591978311521 8.0089649111032468 256.79456251114607 1825.2995590567589 440.32066358625889 23.490966886281971 4.1036386191844931 12.455549746751787 13.547192722558973 8.025775305926798 32.252863854169846 4.8360540717840195 90.512815307825804
leaf_count=184 27 50 2166 9454 2397 159 20 55 68 65 134 21 698
internal_value=-5.29316e-05 -0.000592766 0.000259606 -0.00142649 0.00767919 -0.0173418 0.0196636 0.0140361 -0.00571865 0.00948092 0.028165 0.0510996 -0.0259223
internal_weight=2758.81 2685.29 2555.25 2082.09 473.156 130.039 73.5226 62.3592 26.0027 31.5167 36.3565 11.1633 98.5218
internal_count=15498 15173 14201 11620 2581 972 325 277 123 224 154 48 748
is_linear=0
shrinkage=0.05


Tree=59
num_leaves=15
num_cat=0
split_feature=2 4 2 4 9 3 6 1 6 1 5 7 1 6
split_gain=11.3197 14.6306 17.8663 15.8964 36.0776 14.4393 11.7362 10.6142 10.125 8.88198 8.32665 7.26666 6.83332 4.13376
threshold=0.019999999733333339 0.0018084661067944154 0.42857140962099216 -1.0000000180025095e-35 16.666665879629679 0.067867315811801845 1.9909969029859784 0.72222221620370386 1.1610777445423814 0.14777667835981564 0.071606715340020957 0.32322330264415639 0.99999998254401989 1.5489912357561961
decision_type=2 2 2 2 2 2 2 2 2 2 2 2 2 2
left_child=7 3 5 4 -2 -3 -5 10 12 -4 13 -10 -9 -1
right_child=1 2 9 6 -6 -7 -8 8 11 -11 -12 -13 -14 -15
leaf_value=-0.014706399660206161 -0.022177192445710439 -0.0062225387071580159 -0.006208124477315914 0.0069566657294550284 0.0042325601734714531 0.023335824342183564 -0.033980467205373559 -0.0074589333572842483 0.0035267876833261903 -0.035499190242505717 0.065309651458543491 0.040249783941301659 0.041599379149301313 -0.049150644643622496
leaf_weight=212.82026905938983 180.87650311738253 218.3082485422492 41.4168835952878 1258.7693537734449 453.63406830653548 50.961491122841835 17.754728376865387 176.24470870569348 32.147130869328976 68.995045565068722 3.1847449988126746 23.187433786690235 7.3960462883114806 9.0824250355362874
leaf_count=1973 1374 1459 196 5704 2847 300 78 880 145 331 17 109 35 50
internal_value=-5.14967e-05 0.00139111 -0.00757369 0.00317222 -0.00329593 -0.000628378 0.00638729 -0.00717251 0.000166288 -0.0245117 -0.0149641 0.0189152 -0.00548313 -0.0161162
internal_weight=2754.78 2290.72 379.682 1911.03 634.511 269.27 1276.52 464.063 238.975 110.412 225.087 55.3346 183.641 221.903
internal_count=15498 12289 2286 10003 4221 1759 5782 3209 1169 527 2040 254 915 2023
is_linear=0
shrinkage=0.05


Tree=60
num_leaves=12
num_cat=0
split_feature=8 4 4 5 2 2 3 1 6 6 2
split_gain=11.199 10.8658 16.5794 50.4278 16.6439 15.207 13.507 8.93049 3.76333 4.88704 1.42477
threshold=1.0000000180025095e-35 1.0000000180025095e-35 -1.0000000180025095e-35 -1.0000000180025095e-35 0.27692307053254461 0.42857140962099216 0.017454183041523578 0.14777667835981564 1.2288457050102541 1.0681589095666688 0.32692304234468073
decision_type=2 2 2 2 2 2 2 2 2 2 2
left_child=8 2 3 -2 -4 6 -3 -7 9 10 -1
right_child=1 5 4 -5 -6 7 -8 -9 -10 -11 -12
leaf_value=-0.029168040992983004 0.0062204182988347054 -0.012506615316262485 9.0046145322886738e-05 -0.021161405356937113 0.010412239984066447 -0.0046272036236182047 0.008595537822495173 -0.033792350350705436 -0.068358555047205796 0.059476876655747968 0.0059495563458889312
leaf_weight=28.244856134057049 420.09076246619225 142.90307524800301 916.81033923104405 280.36436620727181 680.31756591051817 41.992198877036572 161.56243002414703 70.003516852855682 4.803168073296546 1.7846766710281361 3.2172418124973765
leaf_count=638 2340 976 4501 2429 3008 199 1019 340 22 8 18
internal_value=-5.04645e-05 0.000327192 0.00167412 -0.00473944 0.00448692 -0.00710368 -0.00130891 -0.022857 -0.0269881 -0.0210113 -0.025577
internal_weight=2752.09 2714.04 2297.58 700.455 1597.13 416.461 304.466 111.996 38.0499 33.2468 31.4621
internal_count=15498 14812 12278 4769 7509 2534 1995 539 686 664 656
is_linear=0
shrinkage=0.05


Tree=61
num_leaves=15
num_cat=0
split_feature=0 8 9 5 0 5 5 0 2 2 0 9 8 9
split_gain=10.681 12.858 15.1622 13.1326 14.3596 11.6724 11.0503 8.0872 7.37276 9.09249 6.91577 5.64242 4.49752 3.11232
threshold=0.86486486311176047 0.30842531232785292 99.999991833334022 -0.073586786786786748 0.56521738761814755 0.0045054249131932797 -0.16380370448407297 0.99999991106720165 0.076403230508451644 0.10673139152680665 0.46926177110001749 99.99999824808188 0.56420052197968873 22.222222104938272
decision_type=2 2 2 2 2 2 2 2 2 2 2 2 2 2
left_child=1 2 5 6 -5 -1 -3 8 11 -10 -4 -2 13 -9
right_child=7 3 10 4 -6 -7 -8 12 9 -11 -12 -13 -14 -15
leaf_value=-0.001941902896742458 -0.026000066842643062 -0.00018861017293053594 0.041398889812105058 0.016845446065144556 -0.013350524025840971 0.013294503435779065 0.041853538183574901 0.027522857994036722 0.009215454243199651 -0.019321876848849742 0.010490401484942806 0.02845226625004187 0.053003733007155898 -0.0068653427806912226
leaf_weight=2049.5007977075875 96.859959878027439 22.242137305438519 27.60329545289278 92.57608625292778 68.507165022194386 133.91307105123997 52.570601359009743 9.7924389503896254 57.13540868461132 54.572665769606829 52.554536312818527 5.0031730234622946 5.667328253388404 20.054799377918243
leaf_count=11330 749 105 116 440 444 740 265 56 412 401 233 22 25 160
internal_value=-4.95967e-05 0.000934355 -0.000223346 0.0120432 0.00400339 -0.00100742 0.0293542 -0.00992312 -0.013597 -0.00472587 0.0211341 -0.0233256 0.0121703 0.00441692
internal_weight=2748.55 2499.47 2263.57 235.896 161.083 2183.41 74.8127 249.086 213.571 111.708 80.1578 101.863 35.5146 29.8472
internal_count=15498 13673 12419 1254 884 12070 370 1825 1584 813 349 771 241 216
is_linear=0
shrinkage=0.05


Tree=62
num_leaves=15
num_cat=0
split_feature=6 7 5 9 9 7 0 0 0 9 0 1 7 5
split_gain=10.3222 19.3053 18.9814 16.7065 17.7487 14.9514 11.8153 11.6492 8.27295 8.78083 8.15579 7.23924 5.16116 4.62461
threshold=0.99999999999999178 0.32322330047089348 -1.0000000180025095e-35 13.569781074629747 42.546438765298277 0.21153437328353938 0.031537505011588536 0.59451951131933434 0.70270269985390799 32.540624547212275 0.91709621920369055 0.77777766255145864 0.19372635833790644 1.0000000180025095e-35
decision_type=2 2 2 2 2 2 2 2 2 2 2 2 2 2
left_child=2 8 10 6 -5 13 -3 -7 9 -2 11 -1 -10 -4
right_child=1 3 5 4 -6 7 -8 -9 12 -11 -12 -13 -14 -15
leaf_value=0.008046248669644809 -0.005255471321505804 0.040941391056104337 -0.033446137069045576 -0.022515394372718343 0.0051355766716118453 -0.0016016826438404496 0.0120835886346853 -0.013464258964736487 -0.0096606195220725246 0.021166659380149864 -0.01839630442794429 0.042623795503326123 -0.036646000076949771 0.035258393763041976
leaf_weight=298.73833686858416 288.07574348151684 39.240140020847321 56.264045584946871 68.779292233288288 371.4925372749567 823.60685003176332 369.16019607335329 276.41396633535624 42.006345205008984 35.296914234757423 27.925344482064247 15.945102237164972 30.644974581897259 2.5607893094420424
leaf_count=1571 1357 158 898 421 1861 4539 1536 2087 310 171 207 95 270 17
internal_value=-4.80195e-05 0.00331879 -0.00283908 0.00757249 0.00081594 -0.00589586 0.0148563 -0.00458252 -0.00579682 -0.00237143 0.00750022 0.0097983 -0.0210433 -0.0304553
internal_weight=2746.15 1244.7 1501.45 848.672 440.272 1158.85 408.4 1100.02 396.024 323.373 342.609 314.683 72.6513 58.8248
internal_count=15498 6084 9414 3976 2282 7541 1694 6626 2108 1528 1873 1666 580 915
is_linear=0
shrinkage=0.05


Tree=63
num_leaves=13
num_cat=0
split_feature=6 0 5 1 5 4 1 4 8 8 8 1
split_gain=9.58448 10.7535 20.0014 20.4447 17.8131 13.953 21.4083 15.9841 1.71869 3.21976 8.26347 0.0020684
threshold=0.16153292845523867 0.38202247158818337 1.0000000180025095e-35 0.32499999390625017 -0.001216467620657413 0.0024191377423526954 0.29411764576124572 -0.0018885892826571158 0.170279842825453 0.0012057278852968395 0.00049782222077656508 0.11111109932660058
decision_type=2 2 2 2 2 2 2 2 2 2 2 2
left_child=8 2 4 -4 -2 7 -7 -3 9 10 -1 -11
right_child=1 5 3 -5 -6 6 -8 -9 -10 11 -12 -13
leaf_value=-0.026540520586730849 0.018031254498572246 -0.0074245246361629757 -0.0053765446273508983 0.044742094182735385 -0.00031970007430246134 0.0078883879021306516 -0.022776469946017772 0.0049065560411051447 0.021400037516578117 -0.052300716500151015 0.083811626297685016 -0.054210921433393872
leaf_weight=23.521699350327257 149.81310191750526 458.2654678709805 31.999514237046242 55.883622229099274 1127.3367086872458 82.876348450779915 181.70802349597216 616.12972912192345 1.8619412258267392 7.8185939565300924 1.8283113092184056 1.7308735139667986
leaf_count=624 703 3272 140 239 5339 477 1345 3090 19 189 35 26
internal_value=-4.70567e-05 0.000297697 0.00342059 0.0264932 0.00183292 -0.00288595 -0.0131712 -0.000353062 -0.0254057 -0.0279028 -0.0185816 -0.0526469
internal_weight=2740.77 2704.01 1365.03 87.8831 1277.15 1338.98 264.584 1074.4 36.7614 34.8995 25.35 9.54947
internal_count=15498 14605 6421 379 6042 8184 1822 6362 893 874 659 215
is_linear=0
shrinkage=0.05


Tree=64
num_leaves=15
num_cat=0
split_feature=9 4 0 2 2 5 9 4 9 4 6 8 2 0
split_gain=9.40647 10.6463 28.4053 20.3804 13.0892 11.3874 11.0736 10.3245 4.61687 4.40138 5.30414 3.78849 2.92205 3.82426
threshold=99.999998534778911 0.0024191377423526954 0.19999999700000007 0.42857140962099216 0.076403230508451644 0.0045054249131932797 99.999266672088865 -0.0013015276225316061 99.999999422521142 0.049762276859413153 1.0977817451315326 0.27593662488378046 0.067796609480034492 0.59999999965000017
decision_type=2 2 2 2 2 2 2 2 2 2 2 2 2 2
left_child=1 4 3 -3 7 -6 -4 -1 12 10 -10 -11 -2 -14
right_child=8 2 6 -5 5 -7 -8 -9 9 11 -12 -13 13 -15
leaf_value=-0.018286944401690691 0.072208648940116263 0.042440369181201393 -0.012671673722754585 -0.016348836996145796 0.0023256754529129703 0.024193656273267063 -0.066876276993296499 -0.0021678209953722885 -0.044754836755478922 0.072219911123457339 0.0094846441391334881 0.0052421351290625178 0.048411018717760573 0.0080461093764899027
leaf_weight=123.40422477573156 4.3280132263898876 42.309351123869419 309.39994673058391 22.625524014234543 1596.9864559993148 61.836785644292831 9.7182306945323926 509.43604572117329 6.0724169462919262 4.0795728713273984 17.488850593566895 4.3759062588214874 11.327826440334322 12.174091443419455
leaf_count=985 19 201 2020 101 8347 369 58 3153 28 20 72 21 48 56
internal_value=-4.57662e-05 -0.000484256 -0.00818848 0.0219562 0.000806871 0.00314086 -0.0143224 -0.00531106 0.0195589 0.00661126 -0.00449443 0.0375574 0.0344545 0.0275018
internal_weight=2735.56 2675.72 384.053 64.9349 2291.66 1658.82 319.118 632.84 59.8467 32.0167 23.5613 8.45548 27.8299 23.5019
internal_count=15498 15234 2380 302 12854 8716 2078 4138 264 141 100 41 123 104
is_linear=0
shrinkage=0.05


Tree=65
num_leaves=13
num_cat=0
split_feature=6 7 4 9 4 4 3 4 3 1 3 6
split_gain=8.99937 8.79576 18.6752 25.5816 17.0684 9.08977 7.99606 8.11984 8.92156 8.0608 6.17151 3.12867
threshold=0.60168967845130383 0.11519609223424083 -0.004615134171314538 43.103448059106235 -0.014430383446340843 1.0000000180025095e-35 0.067867315811801845 0.0024191377423526954 -0.0039824777323825824 0.69230768254437891 -0.073392950684726496 1.2288457050102541
decision_type=2 2 2 2 2 2 2 2 2 2 2 2
left_child=6 4 3 -3 10 -4 7 8 -1 -9 -2 -6
right_child=1 2 5 -5 11 -7 -8 9 -10 -11 -12 -13
leaf_value=0.0014059447172689917 -0.0014087271782979565 -0.016289923783352936 0.0040290605892409747 0.012410614686362134 -0.020396380175394309 -0.0047530201980727181 0.054245282761699723 -0.040033342089314701 -0.018087728574123194 0.034726733014355929 0.024235046534018562 -0.066931174231848523
leaf_weight=148.93184760585427 30.202437803149223 320.07553106546402 1504.8339265137911 102.50478506833315 11.873184949159624 366.38131229579449 5.0017049461603156 32.129321552813053 96.870691195130348 4.0613834932446471 105.13062193989754 5.1911935508251181
leaf_count=986 149 2327 6797 597 62 2224 25 242 1480 32 552 25
internal_value=-4.43442e-05 0.000938383 0.000165573 -0.00932807 0.0125703 0.00230954 -0.00842059 -0.00953209 -0.0062765 -0.0316436 0.0185121 -0.0345528
internal_weight=2733.19 2446.19 2293.8 422.58 152.397 1871.22 286.995 281.993 245.803 36.1907 135.333 17.0644
internal_count=15498 12733 11945 2924 788 9021 2765 2740 2466 274 701 87
is_linear=0
shrinkage=0.05


Tree=66
num_leaves=15
num_cat=0
split_feature=8 4 9 3 4 2 0 4 9 0 2 1 9 8
split_gain=8.75838 18.1495 30.8873 30.9665 12.947 18.6123 15.9062 12.5202 13.9472 9.57783 17.228 15.9833 8.85973 8.06796
threshold=0.30842531232785292 -1.0000000180025095e-35 13.569781074629747 0.022896771626446436 1.0000000180025095e-35 0.27692307053254461 0.20754716746173021 0.067603323115636785 64.655968808049977 0.56521738761814755 0.47709789630748473 0.21739129725897949 72.393665230572154 0.073541206367481918
decision_type=2 2 2 2 2 2 2 2 2 2 2 2 2 2
left_child=1 2 13 -4 5 -3 -6 9 -9 10 -2 -11 -10 -1
right_child=7 4 3 -5 6 -7 -8 8 12 11 -12 -13 -14 -15
leaf_value=-0.052369318598926975 0.039466669080894468 -0.0015180230523823544 0.0032274460550647103 -0.039108995582377237 0.018687762181560853 0.0094119260358414038 -0.01328701129947539 -0.038653753463389187 0.044940978587660246 0.0439381956204387 -0.0064902269459257691 -0.0046911141593310229 -0.0059050041559862623 -0.022723025711066699
leaf_weight=28.277003232389688 69.051168646663427 916.62213214114308 362.78992454335093 49.029100310057402 46.111719008535147 677.29663531109691 248.51492576301098 26.340183243155479 11.541061982512472 20.80163662135601 28.939215712249279 90.018833607435226 33.250342644751072 121.79491403326392
leaf_count=292 348 5029 2420 342 212 2991 1648 170 67 116 132 546 187 998
internal_value=-4.35113e-05 -0.00100067 -0.00888961 -0.00181292 0.00134649 0.00312639 -0.00828267 0.00833483 -0.0097822 0.0145064 0.0258944 0.00443689 0.0071961 -0.0283091
internal_weight=2730.38 2450.44 561.891 411.819 1888.55 1593.92 294.627 279.942 71.1316 208.811 97.9904 110.82 44.7914 150.072
internal_count=15498 13932 4052 2762 9880 8020 1860 1566 424 1142 480 662 254 1290
is_linear=0
shrinkage=0.05


Tree=67
num_leaves=13
num_cat=0
split_feature=9 0 5 4 0 0 1 8 2 4 2 9
split_gain=8.36404 9.36122 10.4218 34.0572 15.0303 10.2351 5.96728 7.90252 6.1179 3.94203 2.74968 1.91485
threshold=99.999998534778911 0.92307679881658788 -0.001216467620657413 -0.004615134171314538 0.10416666547309032 0.99999991106720165 0.18181817878787887 0.075198246306204988 0.39382007718292467 0.0029677771613255692 0.076403230508451644 99.999999422521142
decision_type=2 2 2 2 2 2 2 2 2 2 2 2
left_child=1 2 4 -4 -1 10 11 -8 -9 -7 -3 -2
right_child=6 5 3 -5 -6 9 7 8 -10 -11 -12 -13
leaf_value=0.040434476777373274 0.004684637715197673 -0.023529872493514285 -0.018953425244668091 0.0010071356153561549 0.0045369838118844057 0.02086158894347492 0.079087580858754405 0.0082663448377249087 0.05341635099597463 -0.020112632682594219 0.02837325821311373 -0.039574522398269724
leaf_weight=31.237237215042114 4.9147756993770582 91.251990977674723 241.97244547121227 1828.9114949218929 438.39584083855152 23.887372590601448 6.0262013822793952 34.619053803384304 9.5788540840148908 7.7824286445975295 2.625143699347972 4.8608064576983452
leaf_count=184 21 734 2166 9505 2397 162 26 155 40 66 20 22
internal_value=-4.32679e-05 -0.000458747 0.000199885 -0.00132516 0.00692467 -0.0137866 0.0184184 0.025375 0.0180515 0.0107927 -0.0220785 -0.0173228
internal_weight=2726.06 2666.06 2540.52 2070.88 469.633 125.547 59.9997 50.2241 44.1979 31.6698 93.8771 9.77558
internal_count=15498 15234 14252 11671 2581 982 264 221 195 228 754 43
is_linear=0
shrinkage=0.05


Tree=68
num_leaves=14
num_cat=0
split_feature=2 2 0 9 4 4 4 5 1 3 0 7 3
split_gain=8.35266 9.70923 17.2911 17.5182 10.0027 9.87474 13.791 9.27429 9.62836 8.20971 6.97581 5.73742 4.63166
threshold=0.019999999733333339 0.62823918396850043 0.38202247158818337 24.037225405224159 -0.16657478868063205 -1.0000000180025095e-35 0.0024191377423526954 0.025300074650322139 0.90113274666261811 -0.0026714179686756485 0.48387094432882544 0.32322329898953256 -0.0019361102364566227
decision_type=2 2 2 2 2 2 2 2 2 2 2 2 2
left_child=7 2 3 -2 -4 9 -7 8 12 -3 -9 -10 -1
right_child=1 5 4 -5 -6 6 -8 10 11 -11 -12 -13 -14
leaf_value=-0.0065689314374769783 0.0034395804257850403 -0.0090195604221284028 0.037468384128085452 0.019647011259583871 -0.0022241662772900443 0.0023208695193605404 -0.034885051022227186 0.085616342255285152 -0.0061103346402905656 -0.053258205179544375 0.002088921208728283 0.017950001785222002 -0.018422739662633036
leaf_weight=208.18927362188697 645.49826281890273 21.593229677528143 16.093328714370728 224.78535240888596 1155.2404841184616 155.32438155636191 29.663023091852665 4.7109864205121976 47.608141839504242 20.390471003949642 5.3251322284340858 51.666898552328348 136.39469968900084
leaf_count=1198 2979 142 73 1075 7060 672 142 22 236 146 37 246 1470
internal_value=-4.19642e-05 0.00119683 0.00228747 0.00762579 -0.00167882 -0.00861356 -0.00364516 -0.00623352 -0.00730823 -0.0305052 0.041297 0.00641167 -0.011261
internal_weight=2722.48 2268.59 2041.62 870.284 1171.33 226.971 184.987 453.895 443.859 41.9837 10.0361 99.275 344.584
internal_count=15498 12289 11187 4054 7133 1102 814 3209 3150 288 59 482 2668
is_linear=0
shrinkage=0.05


Tree=69
num_leaves=15
num_cat=0
split_feature=6 7 5 4 5 8 9 9 0 4 4 0 7 4
split_gain=8.15485 16.3554 16.0887 24.9751 38.049 18.4991 14.1244 14.8247 10.5712 9.42637 11.4123 6.70502 8.56228 5.83369
threshold=0.99999999999999178 0.32322330047089348 -1.0000000180025095e-35 -0.0018885892826571158 1.0000000180025095e-35 0.0068595523583665852 13.569781074629747 42.546438765298277 0.031537505011588536 0.037390968897818129 -0.0123317234885687 0.70270269985390799 0.31038929294272027 -0.037066905615292738
decision_type=2 2 2 2 2 2 2 2 2 2 2 2 2 2
left_child=2 11 9 4 -4 -5 8 -8 -3 10 -1 12 -2 -13
right_child=1 6 3 5 -6 -7 7 -9 -10 -11 -12 13 -14 -15
leaf_value=0.0096934274304766345 0.0052817870289305997 0.038217489695913161 -0.035773670642176257 -0.012140603971263396 0.017312837315228143 0.0026307920296948055 -0.021095688879526855 0.004538606919469868 0.010937040827497036 0.045298169559807408 -0.014383019954679513 -0.0057381697699404079 -0.011065806008417667 -0.034570332634422295
leaf_weight=263.93531681597233 170.002576187253 39.292598500847816 134.80593071319163 314.50568305328488 45.027239680290222 650.05065006017685 66.597022011876106 368.37839994579554 368.97211341559887 15.353078052401541 60.500360414385796 36.854103110730648 151.45934107154608 33.483446910977364
leaf_count=1423 853 158 1561 2110 277 3593 421 1861 1536 87 363 288 675 292
internal_value=-4.05769e-05 0.00296106 -0.00253835 -0.005375 -0.0224817 -0.00218561 0.00688314 0.000613862 0.0135626 0.00701532 0.00520368 -0.00548013 -0.00242051 -0.0194634
internal_weight=2719.22 1235.04 1484.18 1144.39 179.833 964.556 843.24 434.975 408.265 339.789 324.436 391.799 321.462 70.3376
internal_count=15498 6084 9414 7541 1838 5703 3976 2282 1694 1873 1786 2108 1528 580
is_linear=0
shrinkage=0.05


Tree=70
num_leaves=13
num_cat=0
split_feature=6 0 8 3 0 9 7 7 8 8 8 1
split_gain=7.6451 7.91539 11.234 22.9087 10.1002 8.84881 15.6256 9.5412 1.61483 7.54225 3.19491 0.00166729
threshold=0.16153292845523867 0.12294197001331682 0.029666611892635506 -0.034897679319238366 0.083333331481481546 99.999976967290905 0.6767766952742903 0.16091159005619574 0.0012057278852968395 0.00049782222077656508 0.170279842825453 0.11111109932660058
decision_type=2 2 2 2 2 2 2 2 2 2 2 2
left_child=8 2 4 -4 -2 7 -7 -3 9 -1 11 -10
right_child=1 5 3 -5 -6 6 -8 -9 10 -11 -12 -13
leaf_value=-0.02448542922311038 -0.013639130292066842 0.0074282058353570928 -0.0060344544614443305 0.020889710965277947 0.014174861804028891 0.022289620142806152 -0.01274858832749986 -0.003138008927831316 -0.052089064357994777 0.079828587812120377 0.019433554297530593 -0.053877125378127583
leaf_weight=21.889686267822984 107.72788415104151 242.47061783075333 124.56896483525634 215.99686440825462 46.82753773778677 97.885785296559334 47.144816756248474 1797.5067212209105 7.137013962492345 1.8817963451147068 1.8804176300764073 1.5951065756380556
leaf_count=624 463 1310 572 1046 195 413 224 10382 189 35 19 26
internal_value=-4.07852e-05 0.000259764 0.00596796 0.0110416 -0.00521199 -0.00103371 0.0108998 -0.00188211 -0.0234677 -0.0162277 -0.0396848 -0.0524157
internal_weight=2714.51 2680.13 495.121 340.566 154.555 2185.01 145.031 2039.98 34.384 23.7715 10.6125 8.73212
internal_count=15498 14605 2276 1618 658 12329 637 11692 893 659 234 215
is_linear=0
shrinkage=0.05


Tree=71
num_leaves=12
num_cat=0
split_feature=8 7 4 5 5 6 4 0 6 6 2
split_gain=7.17774 9.78885 19.0891 30.8709 15.5613 14.9442 11.6425 6.89965 3.55257 4.27617 2.16112
threshold=1.0000000180025095e-35 0.11519609223424083 -1.0000000180025095e-35 0.0045054249131932797 -0.027303104864774715 0.89502481659129096 1.0000000180025095e-35 0.8260869511342156 1.2288457050102541 1.1566930766351688 0.32692304234468073
decision_type=2 2 2 2 2 2 2 2 2 2 2
left_child=8 4 3 -3 7 -6 -4 -2 9 10 -1
right_child=1 2 6 -5 5 -7 -8 -9 -10 -11 -12
leaf_value=-0.025330104979497389 0.01445159218333558 -0.013936232494206788 0.0035987406736541737 0.022088069864924852 0.14194423851644755 0.021982404676035867 -0.0059173911095237366 -0.0093107439434666813 -0.064079189087811239 0.09229014085388787 0.014715504688134219
leaf_weight=24.685297645628459 112.19630232453346 445.00779505074024 1597.497349999845 68.643462471663952 4.330867722630499 6.4814072847366333 402.37288784235716 41.978027649223804 4.5326177626848212 0.87592500448226829 3.9015462212264529
leaf_count=639 534 3516 7509 418 24 35 2531 245 22 4 21
internal_value=-3.95345e-05 0.000250228 -0.000524185 -0.00912201 0.0120482 0.0700332 0.0016841 0.00798167 -0.02287 -0.0165303 -0.0198647
internal_weight=2712.5 2678.51 2513.52 513.651 164.987 10.8123 1999.87 154.174 33.9954 29.4628 28.5868
internal_count=15498 14812 13974 3934 838 59 10040 779 686 664 660
is_linear=0
shrinkage=0.05


Tree=72
num_leaves=15
num_cat=0
split_feature=2 2 6 6 3 5 1 4 1 6 3 7 6 6
split_gain=7.1724 8.76266 9.03929 15.5544 11.8064 8.32305 8.23343 7.32569 11.9837 6.48415 6.16625 5.09525 5.0661 1.45602
threshold=0.019999999733333339 0.62823918396850043 1.0217720220967299 0.99999999999998146 -0.029307187065807757 0.025300074650322139 0.90113274666261811 -0.17678314916018648 0.25916326036172704 0.6963431483187642 -0.066544517569896142 0.32322329898953256 1.1520307300031101 1.1161400077169399
decision_type=2 2 2 2 2 2 2 2 2 2 2 2 2 2
left_child=5 7 3 -3 -4 6 12 8 -2 -7 -9 -8 -1 -11
right_child=1 2 4 -5 -6 9 11 10 -10 13 -12 -13 -14 -15
leaf_value=-0.013489973256856164 0.10276038797385752 -0.013636461113339528 0.051133702569466116 0.019587352072483313 -0.027740934733941028 0.099523679557112291 -0.0059854420665417761 -0.010500333252413915 0.0067712836873473296 -0.011603598742286735 0.0025002652628668253 0.016704969220782018 0.0020406144622254663 0.034538813925905389
leaf_weight=275.30621199309826 4.7329346016049376 93.838689409196377 5.0889131128787986 56.403143912553787 70.082344383001328 3.0927013456821424 47.447474766522646 95.745773114264011 10.388224624097345 3.3009450137615204 1924.6331018283963 51.699614811688662 64.885091163218021 3.5464739203453064
leaf_count=2339 21 531 22 230 319 19 236 487 55 20 10624 246 329 20
internal_value=-3.88091e-05 0.00110781 -0.00824608 -0.00116372 -0.0224013 -0.00580895 -0.0068326 0.00214367 0.0368159 0.0394347 0.00188417 0.00584633 -0.0105278 0.0122949
internal_weight=2710.19 2260.91 225.413 150.242 75.1713 449.279 439.338 2035.5 15.1212 9.94012 2020.38 99.1471 340.191 6.84742
internal_count=15498 12289 1102 761 341 3209 3150 11187 76 59 11111 482 2668 40
is_linear=0
shrinkage=0.05


Tree=73
num_leaves=15
num_cat=0
split_feature=8 4 9 3 0 2 1 3 4 2 2 3 8 3
split_gain=7.00623 13.8959 25.8305 27.6389 11.0246 22.9195 18.5763 11.6783 10.7794 15.3889 13.349 8.21126 7.87606 6.16298
threshold=0.30842531232785292 -1.0000000180025095e-35 13.569781074629747 0.022896771626446436 0.49999997958333425 0.52173905103971185 0.29411764576124572 0.087275929236465669 1.0000000180025095e-35 0.27692307053254461 0.30481997346093676 -0.065135879046326825 0.073541206367481918 0.0097739804341271403
decision_type=2 2 2 2 2 2 2 2 2 2 2 2 2 2
left_child=1 2 12 -4 5 -2 11 -8 9 -3 -10 -6 -1 -7
right_child=4 8 3 -5 6 13 7 -9 10 -11 -12 -13 -14 -15
leaf_value=-0.05123113580066662 0.032574529461806973 -0.0014804061405219197 0.0032477978707521208 -0.037441612129367516 -0.017278926617614133 0.0075812861984762047 -0.021330724848960238 0.014976752612909603 0.0021874278217802585 0.0084609230920858584 -0.019306934705754581 0.035281553797071367 -0.020699649141128491 -0.037838342568343279
leaf_weight=25.804127622395754 85.222806729376316 912.54402582347393 359.10192231088877 47.223039243370295 9.1915518790483457 13.252777703106405 84.715940568596125 29.987408123910427 156.87849913537502 678.87183796614408 133.87584071978927 38.78862601146102 116.43428667262197 17.112521074712276
leaf_count=292 426 5029 2420 342 46 63 579 157 1151 2991 709 218 998 77
internal_value=-3.75577e-05 -0.000897904 -0.00790053 -0.00148112 0.00747766 0.0192845 -0.00091119 -0.0118387 0.00114303 0.0027604 -0.0077095 0.0252126 -0.0262385 -0.0180152
internal_weight=2709.01 2430.73 548.563 406.325 278.272 115.588 162.684 114.703 1882.17 1591.42 290.754 47.9802 142.238 30.3653
internal_count=15498 13932 4052 2762 1566 566 1000 736 9880 8020 1860 264 1290 140
is_linear=0
shrinkage=0.05


Tree=74
num_leaves=14
num_cat=0
split_feature=9 0 0 5 4 0 1 3 6 2 4 6 0
split_gain=6.78194 7.97648 9.35131 8.99604 25.8001 13.2394 5.3814 10.5567 8.70617 7.54035 3.71316 3.22221 0.0528034
threshold=99.999998534778911 0.92307679881658788 0.99999991106720165 -0.001216467620657413 -0.004615134171314538 0.10416666547309032 0.18181817878787887 0.02076060167934202 1.1705153169579843 0.37946996952236711 0.0029677771613255692 1.0807608683022865 0.49999999992199545
decision_type=2 2 2 2 2 2 2 2 2 2 2 2 2
left_child=1 3 11 5 -5 -1 8 12 -2 -9 -4 -3 -8
right_child=6 2 10 4 -6 -7 7 9 -10 -11 -12 -13 -14
leaf_value=0.038592887134847639 -0.067238525570486748 -0.015056010574861223 0.020492142582305289 -0.016969718852531786 0.00076223300955326179 0.0042505791375245724 0.077808923522483989 0.00087501168725929849 0.027397785481686407 0.050265821175726505 -0.019531954636853099 -0.035921381660432551 0.069868908420006148
leaf_weight=29.990164995193481 4.6193651333451253 65.973496075719595 23.716347027570013 231.1312204990536 1824.1614327169955 436.95294395834208 4.5739631503820402 31.791445448994637 5.1282085329294205 10.208988040685652 7.6685614958405486 25.715072691440582 3.8618248477578163
leaf_count=184 22 546 162 2166 9505 2397 20 139 21 42 66 208 20
internal_value=-3.74377e-05 -0.000415032 -0.0128444 0.000191463 -0.00123184 0.00645627 0.0165593 0.0231321 -0.0174503 0.0128804 0.0107127 -0.0209079 0.0741741
internal_weight=2705.49 2645.31 123.073 2522.24 2055.29 466.943 60.1838 50.4362 9.74757 42.0004 31.3849 91.6886 8.43579
internal_count=15498 15234 982 14252 11671 2581 264 221 43 181 228 754 40
is_linear=0
shrinkage=0.05


Tree=75
num_leaves=15
num_cat=0
split_feature=5 0 2 1 7 7 1 7 1 6 0 1 7 8
split_gain=6.94794 23.9816 32.6267 15.7784 14.7445 21.6591 14.2301 14.1645 11.5241 10.983 8.4308 7.47572 8.14121 6.75215
threshold=0.0037523584241502266 0.74193547748872724 0.29480431644320065 0.38396428506429242 0.6767766952742903 0.67677647595974666 0.24999999940340911 0.66915366174744029 0.090909090220385694 0.82519860054710659 0.43959225583805234 0.68749999641927095 0.83616687896192332 0.068323406826205649
decision_type=2 2 2 2 2 2 2 2 2 2 2 2 2 2
left_child=4 2 6 9 5 7 -2 -1 -4 -3 -7 -6 -13 -5
right_child=1 3 8 13 11 10 -8 -9 -10 -11 -12 12 -14 -15
leaf_value=-0.00066122215000572176 0.11703678145630043 -0.027095007352864145 0.036234173303312321 0.051443299952733536 -0.02027484518546703 0.041162978319560929 0.039358104925006972 -0.051045368463035437 -0.0059963766314864962 0.054510551514310147 0.012238462586445314 0.028649720384482061 -0.036279030054135596 -0.028665998513767933
leaf_weight=2156.9911438766867 6.5995059311389914 6.2211217433214214 19.893476158380508 2.7447203174233428 133.29602937400341 35.531451866030693 55.292333103716373 14.040103703737257 85.952683642506599 12.225635930895804 86.581527516245842 16.978882879018787 6.7460768669843665 63.133309595286846
leaf_count=12449 35 49 98 24 730 146 268 77 443 92 376 109 50 552
internal_value=-3.6376e-05 0.00786823 0.0188032 -0.0138834 -0.000849569 0.000165394 0.047641 -0.000987057 0.00194073 0.0269893 0.0206547 -0.0156722 0.0101875 -0.0253284
internal_weight=2702.23 252.063 167.738 84.3248 2450.17 2293.14 61.8918 2171.03 105.846 18.4468 122.113 157.021 23.725 65.878
internal_count=15498 1561 844 717 13937 13048 303 12526 541 141 522 889 159 576
is_linear=0
shrinkage=0.05


Tree=76
num_leaves=15
num_cat=0
split_feature=6 5 6 0 8 3 7 9 7 7 8 7 0 7
split_gain=6.56154 7.85027 7.32675 6.97473 12.078 24.3709 9.28354 6.83742 7.4602 6.45439 7.20131 5.31578 4.60913 4.24809
threshold=0.51029523110133868 0.0016300795510705293 0.42416307866325986 0.12294197001331682 0.053990324524779483 -0.034897679319238366 0.32322319042668018 99.999997929062872 0.16091159005619574 0.43504300703725013 0.0012057278852968395 0.62042295200420827 0.16521342718049042 0.685322645232184
decision_type=2 2 2 2 2 2 2 2 2 2 2 2 2 2
left_child=1 9 11 4 6 -6 -2 8 -5 12 -11 -3 -1 -9
right_child=3 2 -4 7 5 -7 -8 13 -10 10 -12 -13 -14 -15
leaf_value=-0.019343613114301848 -0.041077215549146895 0.10820551343157188 -0.014064342053254495 0.0073208075295838866 -0.0056183841855534135 0.024097679875358359 -0.0005565541941649259 0.024050179460589394 -0.0023044431643204437 0.053595695346196626 -0.037064327735465571 0.015268482354067039 0.00067660315822659579 -0.00103794702374409
leaf_weight=46.54385462962091 15.437863972038029 3.4678368940949422 5.0483226627111435 227.3057282269001 113.55555261671543 175.8341319411993 167.5107804313302 44.419774726033211 1760.2798834815621 2.3438351564109317 33.455875176936388 2.7657043635845184 75.194614961743355 27.208553217351437
leaf_count=793 79 24 37 1232 511 850 698 183 9833 44 429 20 638 127
internal_value=-3.6255e-05 -0.00958052 0.03071 0.000600217 0.00608001 0.0124372 -0.00397583 -0.000656727 -0.00120367 -0.0124659 -0.0311287 0.0669711 -0.00697766 0.0145203
internal_weight=2700.37 168.82 11.2819 2531.55 472.338 289.39 182.949 2059.21 1987.59 157.538 35.7997 6.23354 121.738 71.6283
internal_count=15498 1985 81 13513 2138 1361 777 11375 11065 1904 473 44 1431 310
is_linear=0
shrinkage=0.05


Tree=77
num_leaves=15
num_cat=0
split_feature=7 7 6 8 6 0 7 4 3 4 9 1 3 9
split_gain=6.34543 31.5852 14.4627 14.2106 23.4384 16.6623 9.23339 20.3641 11.6568 9.0269 13.2998 8.30923 7.62917 6.55204
threshold=0.32322329844045117 0.32385198315003449 0.99999999999999178 0.10478844238784364 0.76669733460181211 0.14285712414966237 0.16091159005619574 -0.016724746797822872 -0.062055961778953499 -0.018128313031898987 13.199517240893863 0.40540540472059899 -0.026752412018112511 13.999375925820134
decision_type=2 2 2 2 2 2 2 2 2 2 2 2 2 2
left_child=6 3 11 5 -5 -2 7 8 -1 10 -8 -3 -11 -4
right_child=1 2 13 4 -6 -7 9 -9 -10 12 -12 -13 -14 -15
leaf_value=-0.0084792484175282828 0.054425663791936134 -0.00069326279166973415 0.0098803352951854738 0.071902229169627227 -0.0074319348210143176 0.016389352805658661 -0.029495690105716017 -0.025984230381997955 0.016998112801579018 -0.010152926653981105 -0.0036434207812487511 -0.011394814227357788 0.0019510560391768719 0.00031355821840054631
leaf_weight=60.248036906123161 47.471829742193222 392.50849497318268 306.40146008878946 10.847378633916376 65.687186136841774 73.173384457826614 89.024167500436306 45.608978774398565 176.19489591196179 211.06505390629172 112.76606853678823 337.2292218580842 339.73117094486952 430.33439249545336
leaf_count=301 194 2519 1274 55 275 331 860 768 983 1021 782 2060 1800 2275
internal_value=-3.54084e-05 0.00187673 -0.000649512 0.020665 0.00381224 0.031356 -0.00311004 0.00460557 0.0105062 -0.00600167 -0.0150487 -0.00563871 -0.00268719 0.00429229
internal_weight=2698.29 1663.65 1466.47 197.18 76.5346 120.645 1034.64 282.052 236.443 752.586 201.79 729.738 550.796 736.736
internal_count=15498 8983 8128 855 330 525 6515 2052 1284 4463 1642 4579 2821 3549
is_linear=0
shrinkage=0.05


Tree=78
num_leaves=15
num_cat=0
split_feature=5 0 2 1 1 4 5 4 5 3 4 2 9 0
split_gain=6.43572 21.3519 29.2824 15.0447 14.4995 13.7736 16.9956 13.7988 65.2589 13.0702 12.2466 11.1158 10.4239 7.95146
threshold=0.0037523584241502266 0.74193547748872724 0.29729729701607016 0.29411764576124572 0.45129663290210859 0.0024191377423526954 -0.024549983927997451 -1.0000000180025095e-35 -1.0000000180025095e-35 0.061027128590862796 0.032654542223275358 0.27692307053254461 99.999999012195147 0.77066256416494394
decision_type=2 2 2 2 2 2 2 2 2 2 2 2 2 2
left_child=5 2 3 -2 13 7 9 8 -1 -7 -4 -9 -8 -3
right_child=1 4 10 -5 -6 6 12 11 -10 -11 -12 -13 -14 -15
leaf_value=0.0047984561975448065 0.097630263150987801 -0.040548205346742819 0.02294339139068971 0.033467721804797033 -0.027509542865241533 -0.0025352854241026258 -0.024494930746871185 -0.00084344870114260752 -0.031045011612486365 0.056447835541764135 -0.012097768813603832 0.0074871251514938191 0.029556980977878611 0.030083869089983523
leaf_weight=414.64480276405811 11.073796436190603 4.8733764216303852 40.961857117712498 52.211114414036274 56.410078771412373 37.548038184642792 147.69111306592822 942.37292611598969 183.04587456397712 12.525254204869269 63.724961951375008 696.31015252321959 9.4929872900247556 21.847967103123665
leaf_count=2340 56 34 207 255 509 235 989 5187 2002 67 326 3070 47 174
internal_value=-3.50726e-05 0.00758751 0.0178447 0.0446951 -0.0131376 -0.000818356 -0.0131492 0.000324414 -0.00617879 0.0122187 0.00161314 0.00269638 -0.0212305 0.0172022
internal_weight=2694.73 251.103 167.972 63.2849 83.1314 2443.63 207.257 2236.37 597.691 50.0733 104.687 1638.68 157.184 26.7213
internal_count=15498 1561 844 311 717 13937 1338 12599 4342 302 533 8257 1036 208
is_linear=0
shrinkage=0.05


Tree=79
num_leaves=15
num_cat=0
split_feature=2 0 5 5 6 6 3 8 2 4 2 8 2 3
split_gain=6.36397 9.85023 23.3773 23.2387 8.06634 13.3538 10.5046 7.99124 14.4963 8.5019 7.62812 5.17361 4.91088 3.7213
threshold=0.62823918396850043 0.38202247158818337 1.0000000180025095e-35 -0.001216467620657413 1.0217720220967299 0.99999999999999178 -0.029307187065807757 0.00069747219414901531 0.15151515149219472 -0.16657478868063205 0.39382007718292467 0.11043691090348416 0.7499987500026043 -0.0017662645039588918
decision_type=2 2 2 2 2 2 2 2 2 2 2 2 2 2
left_child=1 2 3 -1 5 13 -6 8 -3 -9 -4 -8 -7 -2
right_child=4 7 10 -5 6 12 11 9 -10 -11 -12 -13 -14 -15
leaf_value=0.022955033273516615 0.0016095543369390596 -0.016784125434304728 0.042215599494360524 -0.00037117975547006321 0.047445497372358786 0.01040945503860314 -0.015555721872389829 0.03215219198787337 0.018047209494118137 -0.004184902482455336 0.0070229147910846647 -0.043485292013677561 0.04661778423667004 -0.017852442997334024
leaf_weight=120.11381450295448 38.359379917383194 41.049509458243847 50.593024805188179 961.36726924590766 5.1310064345598212 28.497400790452957 41.541430942714214 16.32694798707962 109.69838832318783 1144.9200023189187 22.133870959281921 27.59502337872982 13.947797462344168 68.285301579162478
leaf_count=596 232 193 225 5262 22 115 193 75 472 7478 95 126 56 358
internal_value=-3.615e-05 0.000695796 0.00406481 0.00221953 -0.00811794 -0.00141163 -0.0215807 -0.00226804 0.00856244 -0.00367401 0.031505 -0.0267035 0.0223078 -0.0108521
internal_weight=2689.56 2466.2 1154.21 1081.48 223.357 149.09 74.2675 1311.99 150.748 1161.25 72.7269 69.1365 42.4452 106.645
internal_count=15498 14396 6178 5858 1102 761 341 8218 665 7553 320 319 171 590
is_linear=0
shrinkage=0.05


Tree=80
num_leaves=13
num_cat=0
split_feature=2 0 5 5 1 5 8 1 2 4 4 2
split_gain=5.76922 8.90498 21.2598 21.1302 8.40756 27.5933 20.0204 8.08117 7.03423 6.21331 8.32316 2.38912
threshold=0.62823918396850043 0.38202247158818337 1.0000000180025095e-35 -0.001216467620657413 0.29411764576124572 0.016886270700487319 0.011108477354312292 0.34482756837098799 0.39382007718292467 0.021049939961316325 -1.0000000180025095e-35 0.66666659788360516
decision_type=2 2 2 2 2 2 2 2 2 2 2 2
left_child=1 2 3 -1 5 -3 -6 9 -4 10 -2 -11
right_child=7 4 8 -5 6 -7 -8 -9 -10 11 -12 -13
leaf_value=0.021955860712161757 -0.02715393217336062 -0.00089907683352263607 0.040490173885164668 -0.00035265941312694125 0.011397134097459188 0.03886228709636598 -0.0091882342961599195 0.061738338344590804 0.0066626789677888187 -0.069920639695779593 -0.0013187017005049325 -0.026898157263371414
leaf_weight=119.32161732017994 38.745844567194581 472.4719222523272 50.123614490032196 961.26450333185494 144.63035514205694 48.0733263194561 644.18878021091223 4.1073396876454344 22.163289710879326 4.0385343655943897 159.54127074405551 16.056704565882683
leaf_count=596 284 2789 225 5262 686 268 4475 20 95 21 698 79
internal_value=-3.43894e-05 0.000662347 0.00386685 0.00211072 -0.00215917 0.00277296 -0.0054139 -0.007745 0.0301186 -0.00905184 -0.00636698 -0.0355444
internal_weight=2684.73 2462.24 1152.87 1080.59 1309.36 520.545 788.819 222.49 72.2869 218.382 198.287 20.0952
internal_count=15498 14396 6178 5858 8218 3057 5161 1102 320 1082 982 100
is_linear=0
shrinkage=0.05


Tree=81
num_leaves=13
num_cat=0
split_feature=6 4 0 2 7 5 0 4 0 6 7 1
split_gain=5.67679 6.0534 16.6245 14.9506 8.61163 7.61333 17.3168 13.7101 1.38548 2.28251 0.00526732 0.00266403
threshold=0.16153292845523867 0.0024191377423526954 0.19999999700000007 0.42857140962099216 0.85343014169732212 0.0045054249131932797 0.74999994196429032 -1.0000000180025095e-35 0.026315788434903096 1.0000000180025095e-35 0.49887367101005858 0.59574468009053883
decision_type=2 2 2 2 2 2 2 2 2 2 2 2
left_child=8 5 3 -3 -4 7 -7 -2 9 10 -1 -10
right_child=1 2 4 -5 -6 6 -8 -9 11 -11 -12 -13
leaf_value=-0.020512803221546947 -0.0058507026612545764 0.036267950296515562 -0.014281630814421815 -0.01455074128313737 0.0068653675411743404 0.036239176073280734 -0.013938634336497597 0.0030600243097775792 -0.05357803942823465 0.071635837584711509 -0.019047616191389213 -0.056709590850840388
leaf_weight=19.250694002956159 590.17112121917307 40.003154776990414 256.29494526237249 22.677082546055317 59.277023300528526 45.065841197967529 27.801573738455772 1607.3182614482939 1.533504527062177 0.69558233581483264 9.0025573372840899 1.2189986146986482
leaf_count=612 4331 201 1751 104 378 218 225 7397 28 9 229 15
internal_value=-3.32657e-05 0.000218478 -0.00563774 0.0178823 -0.0103094 0.00119415 0.0170945 0.000666905 -0.0210662 -0.017843 -0.0200459 -0.0549649
internal_weight=2680.31 2648.61 378.252 62.6802 315.572 2270.36 72.8674 2197.49 31.7013 28.9488 28.2533 2.7525
internal_count=15498 14605 2434 305 2129 12171 443 11728 893 850 841 43
is_linear=0
shrinkage=0.05


Tree=82
num_leaves=13
num_cat=0
split_feature=2 2 0 5 6 5 1 7 1 0 0 7
split_gain=5.70227 6.90416 10.7156 15.0157 7.71612 6.21228 6.75971 5.60252 5.45265 5.34861 5.19229 4.33248
threshold=0.019999999733333339 0.62823918396850043 0.46531675567062653 -0.0042173830882271104 2.5065838785523216 0.025300074650322139 0.90113274666261811 0.49887367101005858 0.34042552805190901 0.99999998717105287 0.48387094432882544 0.41783923225475511
decision_type=2 2 2 2 2 2 2 2 2 2 2 2
left_child=5 2 3 -2 8 6 11 -4 -3 -8 -7 -1
right_child=1 4 7 -5 -6 10 9 -9 -10 -11 -12 -13
leaf_value=-0.0055726827406901019 0.021425785130560829 -0.0070525628284693748 -0.0055767943460128758 0.0031899298820505513 -0.066495278347471307 0.075723872598384936 0.0022944313834011936 0.0019865688009426279 0.049262036624507295 0.049087052510118655 0.0016136561484138387 -0.017764309415099083
leaf_weight=225.66690871678293 128.95093524456024 211.90833928063512 494.79886539652944 906.02271934971213 5.3863109350204459 4.2616139799356443 91.847184672951698 484.69040272012353 4.3873815685510626 6.5419562309980384 5.3061356246471405 107.62396371737123
leaf_count=1867 630 1055 3473 4316 26 22 446 2768 21 36 37 801
internal_value=-3.22446e-05 0.000992768 0.00191441 0.005462 -0.00738233 -0.00522678 -0.00611002 -0.00183414 -0.00591027 0.0054057 0.0346234 -0.00950952
internal_weight=2677.39 2236.14 2014.46 1034.97 221.682 441.248 431.68 979.489 216.296 98.3891 9.56775 333.291
internal_count=15498 12289 11187 4946 1102 3209 3150 6241 1076 482 59 2668
is_linear=0
shrinkage=0.05


Tree=83
num_leaves=15
num_cat=0
split_feature=9 4 0 2 9 5 0 4 9 9 3 7 3 2
split_gain=5.51711 6.81301 15.7325 12.7065 10.081 7.33144 15.3716 10.7847 3.65282 4.63642 3.34098 2.61906 5.98228 2.02387
threshold=99.999998534778911 0.0024191377423526954 0.19999999700000007 0.42857140962099216 99.999266672088865 0.0045054249131932797 0.74999994196429032 -1.0000000180025095e-35 99.999999422521142 99.999999872768925 0.058637696532972468 0.685322645232184 0.026932219919541537 0.2562539053743908
decision_type=2 2 2 2 2 2 2 2 2 2 2 2 2 2
left_child=1 5 3 -3 -4 7 -7 -1 11 10 -10 -2 -13 -11
right_child=8 2 4 -5 -6 6 -8 -9 9 13 -12 12 -14 -15
leaf_value=-0.0056574159571342137 0.040359365695000017 0.033721765882707581 -0.0098122436815151221 -0.013891438559247508 -0.064216422029701833 0.034091997968128729 -0.013276329755753614 0.0022676867688208808 0.0070574278441351617 0.010966390965484228 -0.034655689443657621 0.058604046743778615 -0.018429219110641597 0.051795328106418174
leaf_weight=588.06345629692078 17.084164336323742 38.747290775179863 293.84538188576698 21.950365051627159 8.7690227366983873 45.453386440873146 27.482565850019455 1589.844572994858 10.495346680283548 7.8367043361067754 8.846458360552786 3.918802082538603 7.0621410310268402 4.953832283616066
leaf_count=4351 70 201 2020 101 58 218 225 8060 47 35 38 19 34 21
internal_value=-3.088e-05 -0.000375499 -0.00672891 0.0165032 -0.0113887 0.000650014 0.0162434 0.000127806 0.0149347 0.00342383 -0.0120211 0.0281137 0.00906187 0.0267796
internal_weight=2674.35 2614.16 363.312 60.6977 302.614 2250.84 72.936 2177.91 60.1974 32.1323 19.3418 28.0651 10.9809 12.7905
internal_count=15498 15234 2380 302 2078 12854 443 12411 264 141 85 123 53 56
is_linear=0
shrinkage=0.05


Tree=84
num_leaves=15
num_cat=0
split_feature=8 5 5 0 2 4 5 5 3 7 3 3 4 8
split_gain=5.5756 11.6951 14.1788 10.2707 13.9936 9.90776 20.9356 38.7466 17.6736 13.5541 9.32527 9.16172 7.75084 6.88769
threshold=0.30842531232785292 -0.07931278815510194 -0.16380370448407297 0.56521738761814755 0.45833333206018528 -1.0000000180025095e-35 -1.0000000180025095e-35 1.0000000180025095e-35 0.028719365684357293 0.21153437328353938 -0.032577371768182699 0.10755131964809385 1.0000000180025095e-35 0.36245796907836253
decision_type=2 2 2 2 2 2 2 2 2 2 2 2 2 2
left_child=5 2 13 4 -3 6 8 -8 -1 -7 -4 -5 -11 -2
right_child=1 3 10 11 -6 9 7 -9 -10 12 -12 -13 -14 -15
leaf_value=0.0045492649036474302 -0.038906585082737144 0.026962993494736937 0.068367273793301875 -0.020117623176314298 -0.013818564271967294 -0.026296101962924763 -0.030437825387980778 0.018907843570358393 -0.044929859872736636 0.0029563389137654611 0.023506662883805932 0.013957769527218201 -0.0061359316917880893 0.013849302068993145
leaf_weight=292.52413242310286 10.597640573978426 58.095371637493372 16.575493693351746 73.589196588844061 32.974218904972076 44.675245802849531 166.84547037258744 52.235542498528957 19.234322465956211 1547.951665032655 38.471175193786621 26.949823036789894 276.2177932523191 14.865108095109461
leaf_count=1687 51 286 78 563 161 761 1918 325 122 7287 215 139 1832 73
internal_value=-2.99251e-05 0.00675292 0.022744 3.38631e-05 0.0121969 -0.000799083 -0.00682726 -0.0186723 0.00149659 0.000913201 0.037015 -0.0109836 0.00157958 -0.00810779
internal_weight=2671.8 272.118 80.5094 191.609 91.0696 2399.68 530.839 219.081 311.758 1868.84 55.0467 100.539 1824.17 25.4627
internal_count=15498 1566 417 1149 447 13932 4052 2243 1809 9880 293 702 9119 124
is_linear=0
shrinkage=0.05


Tree=85
num_leaves=13
num_cat=0
split_feature=2 2 0 8 4 1 5 1 9 0 0 0
split_gain=5.27151 6.13908 8.8965 16.6029 7.17169 6.5802 5.65513 5.98915 5.31997 4.80442 4.66514 3.89535
threshold=0.019999999733333339 0.62823918396850043 0.38202247158818337 0.0052425731166605071 -0.16657478868063205 0.34482756837098799 0.025300074650322139 0.90113274666261811 12.499996093751273 0.99999998717105287 0.48387094432882544 0.16521342718049042
decision_type=2 2 2 2 2 2 2 2 2 2 2 2
left_child=6 2 3 -2 -4 8 7 11 -3 -9 -8 -1
right_child=1 5 4 -5 -6 -7 10 9 -10 -11 -12 -13
leaf_value=-0.018872453978060214 -0.0062907735479676751 -0.0014464834220822749 0.031972664425516772 0.0097011914172935778 -0.0015300845926865814 0.05518281253510228 0.07352240456059253 0.0020089163021452597 -0.017312434129869742 0.04639979505578086 0.0023132733690387681 -0.0060871228923133191
leaf_weight=77.902073850855231 217.02832926809788 124.84935206547379 16.202359836548567 643.61699403077364 1130.9390446357429 4.1790719851851454 4.0854472890496236 91.87859284132719 91.596772611141205 6.5283686816692343 5.2629984766244888 253.22804893180728
leaf_count=1083 898 615 73 3156 7060 20 22 446 467 36 37 1585
internal_value=-3.04287e-05 0.000956032 0.00182598 0.00566851 -0.00105689 -0.00696087 -0.00503912 -0.00587642 -0.00816072 0.00495383 0.033433 -0.00909502
internal_weight=2667.3 2228.41 2007.79 860.645 1147.14 220.625 438.886 429.537 216.446 98.407 9.34845 331.13
internal_count=15498 12289 11187 4054 7133 1102 3209 3150 1082 482 59 2668
is_linear=0
shrinkage=0.05


Tree=86
num_leaves=15
num_cat=0
split_feature=8 5 5 0 2 1 4 5 5 5 3 3 0 4
split_gain=4.84626 10.3993 12.8855 9.17645 12.3809 10.7276 9.13265 19.3309 35.7917 16.6808 8.1567 6.9913 11.0084 6.65015
threshold=0.30842531232785292 -0.07931278815510194 -0.16380370448407297 0.56521738761814755 0.45833333206018528 0.16279069540292057 -1.0000000180025095e-35 -1.0000000180025095e-35 1.0000000180025095e-35 -0.025453603075297645 -0.032577371768182699 -0.035844509128930328 0.016461183776526743 1.0000000180025095e-35
decision_type=2 2 2 2 2 2 2 2 2 2 2 2 2 2
left_child=6 2 -2 4 -3 -5 7 9 -9 -1 -4 12 -8 -13
right_child=1 3 10 5 -6 -7 11 8 -10 -11 -12 13 -14 -15
leaf_value=-0.0037288518977618445 -0.0081097490187896099 0.025317487230578268 0.064065181176369321 0.032402246722282896 -0.013111387408992887 -0.016805375898587396 0.02427136782838182 -0.029644402194368133 0.017781779988880059 0.02746977853857446 0.022245540224039691 0.003372143432555607 -0.011447017360615928 -0.0053960733143975613
leaf_weight=260.27575538307428 25.390293426811695 58.01314802467823 16.737585432827473 12.692366454750298 32.814880218356848 86.967020567506552 24.255520716309547 162.97694643400609 52.628310993313789 51.285754196345806 38.434286460280418 1392.0028727632016 194.95068793743849 256.01883693784475
leaf_count=1479 124 286 78 78 161 624 104 1918 325 330 215 7135 927 1714
internal_value=-2.9255e-05 0.00630743 0.0213671 -6.17036e-05 0.0114337 -0.0105384 -0.000746578 -0.00655817 -0.0180679 0.00140672 0.0349324 0.000894185 -0.00749472 0.00201001
internal_weight=2665.44 271.05 80.5622 190.487 90.828 99.6594 2394.39 527.167 215.605 311.562 55.1719 1867.23 219.206 1648.02
internal_count=15498 1566 417 1149 447 702 13932 4052 2243 1809 293 9880 1031 8849
is_linear=0
shrinkage=0.05


Tree=87
num_leaves=13
num_cat=0
split_feature=9 0 0 5 4 0 1 3 6 2 4 6
split_gain=4.93214 5.55112 8.58291 7.09972 16.9389 10.2275 5.02845 9.24239 7.67772 6.35044 3.75229 3.1537
threshold=99.999998534778911 0.92307679881658788 0.99999991106720165 -0.001216467620657413 -0.017741182494503179 0.10416666547309032 0.18181817878787887 0.019908320035044839 1.1705153169579843 0.37946996952236711 -0.047198616639274653 1.0807608683022865
decision_type=2 2 2 2 2 2 2 2 2 2 2 2
left_child=1 3 11 5 -5 -1 8 -8 -2 -9 -4 -3
right_child=6 2 10 4 -6 -7 7 9 -10 -11 -12 -13
leaf_value=0.035196424009170932 -0.066333081039503125 -0.012997525878327316 0.062939217996830457 -0.016107376216581575 0.00026984200466232056 0.0038673207492172686 0.070520129967575368 0.00019212265083293285 0.02285178577491875 0.044735028149378325 0.0058862564137385429 -0.034151805677794238
leaf_weight=27.722735591232777 4.5342060476541501 63.383859634399414 3.2226170524954822 172.60807245224714 1851.2144743595272 431.86200422048569 7.7941463440656653 32.04966589063406 5.1587609201669693 10.664321660995482 27.258830569684505 24.40076832473278
leaf_count=184 22 546 25 1770 9901 2397 36 141 21 44 203 208
internal_value=-2.95771e-05 -0.00035697 -0.0109404 0.000147041 -0.00112694 0.00575713 0.0141192 0.0204496 -0.0188674 0.0113131 0.0119181 -0.0188776
internal_weight=2661.87 2601.67 118.266 2483.41 2023.82 459.585 60.2011 50.5081 9.69297 42.714 30.4814 87.7846
internal_count=15498 15234 982 14252 11671 2581 264 221 43 185 228 754
is_linear=0
shrinkage=0.05


Tree=88
num_leaves=15
num_cat=0
split_feature=7 7 8 6 6 7 5 4 4 5 5 2 2 3
split_gain=5.07731 27.1167 12.3401 20.4988 11.4267 9.93289 9.51037 12.1659 11.5596 27.7324 8.33844 7.74072 7.70473 6.89658
threshold=0.32322329844045117 0.32385198315003449 0.10478844238784364 0.76669733460181211 0.99999999999999178 0.32322330047089348 -1.0000000180025095e-35 -1.0000000180025095e-35 -0.012931290027864637 -0.025453603075297645 -0.087365601262338985 0.26666665185185273 0.070263598656800028 -0.0030189109136477539
decision_type=2 2 2 2 2 2 2 2 2 2 2 2 2 2
left_child=6 2 5 -4 10 -2 8 12 9 -1 -3 -9 -8 -10
right_child=1 4 3 -5 -6 -7 7 11 13 -11 -12 -13 -14 -15
leaf_value=0.0022887085409860224 0.00040296922278338092 0.041143232078700548 0.065953349178203932 -0.0073184891015218708 0.0037321054848183824 0.036146060770090763 -0.043771714273580717 -0.0074880004637995212 -0.033348149079902301 0.05162115767756479 -0.0057882555969943133 0.0059037755269599548 -0.013917145067520831 -0.00023255397917527874
leaf_weight=303.42367427051067 24.313672602176666 9.5926188603043538 11.172507621347902 65.543826639652252 726.73206419497728 96.9094029776752 28.500456731766462 343.57371002994478 30.789169266819954 31.439837671816349 708.45310098677874 157.31308448314667 89.401629524305463 32.127435103058815
leaf_count=1682 105 50 55 275 3549 420 346 2227 207 202 4529 720 939 192
internal_value=-2.8735e-05 0.00168993 0.0190456 0.00335238 -0.000687854 0.0289771 -0.002806 -0.00668349 0.00322584 0.00692046 -0.00516128 -0.00328206 -0.0211339 -0.0164382
internal_weight=2659.29 1642.72 197.939 76.7163 1444.78 121.223 1016.57 618.789 397.78 334.864 718.046 500.887 117.902 62.9166
internal_count=15498 8983 855 330 8128 525 6515 4232 2283 1884 4579 2947 1285 399
is_linear=0
shrinkage=0.05


Tree=89
num_leaves=15
num_cat=0
split_feature=7 7 6 3 6 1 5 4 4 5 1 2 2 3
split_gain=4.59357 24.3583 10.3283 10.1586 16.1473 10.4355 8.61672 11.2607 10.4651 24.3298 7.62954 7.4238 7.00131 6.37365
threshold=0.32322329844045117 0.32385198315003449 0.99999999999999178 -0.032989520598760584 0.76669733460181211 0.88888886008230561 -1.0000000180025095e-35 -1.0000000180025095e-35 -0.012931290027864637 -0.025453603075297645 0.41538458279290436 0.070263598656800028 0.26666665185185273 -0.036317743702343634
decision_type=2 2 2 2 2 2 2 2 2 2 2 2 2 2
left_child=6 3 10 4 -2 -5 8 11 9 -1 -3 -8 -9 -10
right_child=1 2 -4 5 -6 -7 7 12 13 -11 -12 -13 -14 -15
leaf_value=0.0021730144150389221 0.057288718629198911 -0.00026778810149121569 0.0035433998697085552 0.021328258064446187 -0.0031990550013016403 0.062762643570078561 -0.043088632360537407 -0.007136358812844361 -0.050318328897203626 0.047903802928668054 -0.01064508332058694 -0.013358699923873167 0.0055978417118509706 -0.008358189208773837
leaf_weight=303.59491794556379 12.891635194420813 395.43993072584271 727.15177831798792 91.046504274010658 76.53998139500618 18.240566357970238 27.52942244336009 342.50601710565388 10.979801356792448 32.166026346385479 320.81851322203875 88.505382090806961 157.60727766901255 51.494865216314793
leaf_count=1682 60 2567 3549 401 320 74 346 2227 70 202 2012 939 720 329
internal_value=-2.89366e-05 0.00160519 -0.000654315 0.0180173 0.0055203 0.0282439 -0.00267434 -0.00637916 0.00305774 0.00655404 -0.00491587 -0.0204122 -0.00312326 -0.0157326
internal_weight=2656.51 1642.13 1443.41 198.719 89.4316 109.287 1014.38 616.148 398.236 335.761 716.258 116.035 500.113 62.4747
internal_count=15498 8983 8128 855 380 475 6515 4232 2283 1884 4579 1285 2947 399
is_linear=0
shrinkage=0.05


Tree=90
num_leaves=12
num_cat=0
split_feature=4 1 8 6 6 0 2 2 2 6 0
split_gain=4.34881 7.10876 5.15668 4.83947 5.12548 4.74581 4.25964 5.45104 3.85332 3.10839 2.49523
threshold=-0.17678314916018648 0.25916326036172704 0.33871185849303814 0.53062223174588874 0.53904747931285402 0.096774193080124887 0.42857140962099216 0.38651515121346885 0.21212121171946743 0.37211184213286314 0.65989689381449723
decision_type=2 2 2 2 2 2 2 2 2 2 2
left_child=1 -1 -3 6 8 -6 7 -2 -5 -8 -4
right_child=3 2 10 4 5 -7 9 -9 -10 -11 -12
leaf_value=0.07103974549411389 -0.006827081930200026 -0.046604266445655185 -0.01044137340914897 0.081091274830510818 0.0054621602590253981 -0.00067554104112218854 0.0029014289040798515 0.035651169409705391 0.010755609884462124 -0.032776693221841284 0.050144854694839786
leaf_weight=5.6506929285824326 133.51014016568661 3.6425803303718549 2.7871366553008556 3.363220937550067 371.03735275939107 2083.4256105534732 8.0244816858321411 8.0052608214318735 4.6251822784543037 25.518662754446268 4.3545830547809601
leaf_count=27 1744 18 23 22 1695 11555 93 62 29 211 19
internal_value=-2.88626e-05 0.0256114 0.00180806 -0.000188633 0.000382424 0.000252286 -0.00822138 -0.00442417 0.0403678 -0.0242415 0.0265004
internal_weight=2653.94 16.435 10.7843 2637.51 2462.45 2454.46 175.059 141.515 7.9884 33.5431 7.14172
internal_count=15498 87 60 15411 13301 13250 2110 1806 51 304 42
is_linear=0
shrinkage=0.05


Tree=91
num_leaves=15
num_cat=0
split_feature=5 0 2 1 1 7 7 7 1 0 0 0 8 4
split_gain=4.66325 13.5929 21.7458 13.1059 12.6883 11.1746 17.4497 13.0185 9.78516 7.62242 7.50312 7.44588 6.9761 5.79984
threshold=0.0037523584241502266 0.74193547748872724 0.29729729701607016 0.45129663290210859 0.24999999940340911 0.6767766952742903 0.67677647595974666 0.66915366174744029 0.090909090220385694 0.43959225583805234 0.77066256416494394 0.72776679789094711 0.076111320510191177 0.077289462458829519
decision_type=2 2 2 2 2 2 2 2 2 2 2 2 2 2
left_child=5 2 4 10 -2 6 7 -1 -4 -8 -3 13 -5 -7
right_child=1 3 8 12 -6 11 9 -9 -10 -11 -12 -13 -14 -15
leaf_value=-0.00055240059421272718 0.098775833220686393 -0.039160357505851062 0.032140201612382721 0.043738726562299025 0.029719366678120779 -0.027590827709506955 0.038006832676195465 -0.049622961189122877 -0.006753882561661987 0.010549094701050081 0.030668920477458662 0.0015712248419712115 -0.029683359289375197 0.0030257218293834581
leaf_weight=2119.8057079929858 7.5841665267944327 4.675801150500777 20.029240295290947 3.4621665030717841 54.104784496128559 81.227748528122902 35.650313273072243 13.603062350302933 83.952177286148071 86.855178214609623 21.699022829532623 51.874396111816168 49.346415646374226 19.106870427727699
leaf_count=12449 37 34 97 32 274 419 146 77 436 376 174 371 477 99
internal_value=-2.78003e-05 0.00654626 0.0146908 -0.0104941 0.0382093 -0.000696239 0.000188479 -0.000865285 0.000738023 0.0185396 0.0182894 -0.0138088 -0.0248698 -0.0217605
internal_weight=2652.98 244.854 165.67 79.1834 61.689 2408.12 2255.91 2133.41 103.981 122.505 26.3748 152.209 52.8086 100.335
internal_count=15498 1561 844 717 311 13937 13048 12526 533 522 208 889 509 518
is_linear=0
shrinkage=0.05


Tree=92
num_leaves=12
num_cat=0
split_feature=2 6 1 2 0 8 8 6 1 1 4
split_gain=4.3084 7.06519 6.42453 5.61698 7.65455 17.2637 8.57194 5.41572 5.75977 4.76763 4.46807
threshold=0.62823918396850043 2.5065838785523216 0.34482756837098799 0.019999999733333339 0.46531675567062653 0.13727048732940647 0.0052425731166605071 1.1298596118583704 0.65273381396271768 0.99999998254401989 -1.0000000180025095e-35
decision_type=2 2 2 2 2 2 2 2 2 2 2
left_child=3 2 10 7 5 -5 -6 9 -9 -1 -2
right_child=1 -3 -4 4 6 -7 -8 8 -10 -11 -12
leaf_value=-0.008463117606806559 -0.02267681851430187 -0.064400098453513424 0.057327235992452152 0.00066937715600120769 0.0090769442228183957 0.015105385230006802 -0.0035826481602958104 -0.013312836772401937 0.01352284076798615 0.033040780935968392 -0.0032450599626302487
leaf_weight=329.0674531403929 35.624631283804774 5.1871141865849486 4.0126703381538382 741.68679650127888 160.17803081870079 287.33135632053018 809.36067129299045 28.083412695676088 69.422826796770096 7.0679563954472533 174.42156260088086
leaf_count=2676 278 26 19 3473 730 1473 5511 170 329 34 779
internal_value=-2.76707e-05 -0.00674073 -0.00534351 0.000577465 0.00169672 0.00470032 -0.00149115 -0.00458093 0.00579372 -0.00759041 -0.00654076
internal_weight=2651.44 219.246 214.059 2432.2 1998.56 1029.02 969.539 433.642 97.5062 336.135 210.046
internal_count=15498 1102 1076 14396 11187 4946 6241 3209 499 2710 1057
is_linear=0
shrinkage=0.05


Tree=93
num_leaves=15
num_cat=0
split_feature=5 1 2 7 7 7 7 3 1 7 8 7 1 4
split_gain=4.13903 10.3781 18.1473 9.99515 15.8727 11.9638 7.07524 6.64977 6.54059 7.32902 6.47094 6.46293 5.1919 4.66461
threshold=0.0037523584241502266 0.45129663290210859 0.47368417313019723 0.6767766952742903 0.67677647595974666 0.66915366174744029 0.55439083558778146 -0.02187701093951094 0.68749999641927095 0.83616687896192332 0.060751781513515103 0.73405758473501836 0.029732437505905086 0.11439949447320642
decision_type=2 2 2 2 2 2 2 2 2 2 2 2 2 2
left_child=3 2 6 4 5 -1 -2 -4 13 -10 -3 -12 -6 -5
right_child=1 10 7 8 12 -7 -8 -9 9 -11 11 -13 -14 -15
leaf_value=-0.00053161340506383155 0.010659818690773084 0.066101173494658563 0.028866407201874722 -0.021040697152935814 0.061216423435588585 -0.048118641044335164 0.03851631351517739 -0.023140196955020741 0.028803404796311854 -0.034328977322901709 -0.017264618991817395 0.0078884379651280329 0.015235893142181246 0.0082708357755435086
leaf_weight=2117.3293225709349 38.064712166786194 3.0906266421079627 7.6251308917999259 112.71985302492976 6.4816537350416175 13.290772460401056 56.820231594145298 31.697374820709229 16.698972344398502 6.3433323316276065 64.384587824344635 42.327010959386826 116.23230837285519 15.431218326091765
leaf_count=12449 230 22 37 647 28 77 324 150 109 50 497 301 494 83
internal_value=-2.67271e-05 0.00617807 0.0155051 -0.000656385 0.000178647 -0.00082846 0.0273412 -0.0130555 -0.0131014 0.0114236 -0.005222 -0.00728769 0.0176645 -0.0175112
internal_weight=2648.54 244.01 134.207 2404.53 2253.33 2130.62 94.8849 39.3225 151.193 23.0423 109.802 106.712 122.714 128.151
internal_count=15498 1561 741 13937 13048 12526 554 187 889 159 820 798 522 730
is_linear=0
shrinkage=0.05


Tree=94
num_leaves=12
num_cat=0
split_feature=8 7 5 6 4 9 5 4 6 6 6
split_gain=4.10835 6.56841 11.5733 11.5056 9.68189 25.8355 8.26772 6.15633 3.68006 3.73979 1.11845
threshold=1.0000000180025095e-35 0.11519609223424083 -0.027303104864774715 0.89502481659129096 -0.004615134171314538 44.334758919485985 -0.10497482789837374 -0.023391822741627707 1.2288457050102541 1.1566930766351688 0.81856347623476577
decision_type=2 2 2 2 2 2 2 2 2 2 2
left_child=8 2 7 -4 5 -3 -6 -2 9 10 -1
right_child=1 4 3 -5 6 -7 -8 -9 -10 -11 -12
leaf_value=-0.020119143522447803 0.008408319046734173 -0.013845053452611037 0.11820018398925583 0.015986760807110992 0.049888188513682048 0.013917592370854801 0.00082204708553237828 -0.040691748275482477 -0.061306774733828687 0.090301862879180378 0.0062763786362613665
leaf_weight=20.002905648201715 145.77056804299355 342.72616261430085 4.7260010689496976 6.5954174026846886 8.6225946992635709 110.91844632849097 1991.8001836445183 6.6764689385890952 4.2820703461766234 0.87560838460922141 5.0205153971910468
leaf_count=634 741 3071 24 35 49 671 10183 38 22 4 26
internal_value=-2.64896e-05 0.000184976 0.00988018 0.0586546 -0.000462019 -0.00705694 0.00103354 0.00625797 -0.0183685 -0.0112692 -0.0148233
internal_weight=2648.02 2617.84 163.768 11.3214 2454.07 453.645 2000.42 152.447 30.1811 25.899 25.0234
internal_count=15498 14812 838 59 13974 3742 10232 779 686 664 660
is_linear=0
shrinkage=0.05


Tree=95
num_leaves=13
num_cat=0
split_feature=4 9 2 1 9 8 4 3 2 3 3 4
split_gain=4.19466 11.0298 8.94167 10.0262 8.9602 6.65016 9.82511 18.2879 10.7336 8.08837 12.6809 8.80145
threshold=0.0024191377423526954 99.999999872768925 0.42857140962099216 0.14777667835981564 42.857142551785721 0.31344102290476872 -1.0000000180025095e-35 0.028719365684357293 0.39999998996078462 -0.066544517569896142 -0.032577371768182699 -0.17678314916018648
decision_type=2 2 2 2 2 2 2 2 2 2 2 2
left_child=5 2 4 -4 -2 6 7 -1 -8 11 -11 -7
right_child=1 -3 3 -5 -6 9 8 -9 -10 10 -12 -13
leaf_value=-0.003577166318308444 -0.017729775972718118 0.086619791868338764 0.0018521312571737056 -0.03076779328698194 0.0040750149755623367 0.046246606988613582 -0.00063212019048262177 -0.043251777700233501 0.0084113016440615015 0.04382732823919662 0.0072330595659492155 -0.022531359260418032
leaf_weight=490.08871245756745 61.315115198493004 3.2576171308755866 37.756671816110611 62.634111627936363 203.42841801419854 5.575471654534339 1136.6049175579101 30.875331129878759 461.26777674630284 31.672757647931576 93.73675075173378 28.069346398115158
leaf_count=3845 493 15 190 327 1422 27 6096 234 2010 173 529 137
internal_value=-2.59786e-05 -0.00497605 -0.00579324 -0.0184995 -0.000975017 0.000774572 3.43819e-05 -0.00592851 0.0019785 0.010635 0.0164751 -0.0111338
internal_weight=2646.28 368.392 365.134 100.391 264.744 2277.89 2118.84 520.964 1597.87 159.054 125.41 33.6448
internal_count=15498 2447 2432 517 1915 13051 12185 4079 8106 866 702 164
is_linear=0
shrinkage=0.05


Tree=96
num_leaves=15
num_cat=0
split_feature=2 6 6 3 9 0 8 3 2 4 2 2 2 3
split_gain=4.02065 6.45017 10.4589 9.61065 9.54251 5.02556 18.476 20.1116 7.02276 12.6587 5.57855 5.35198 4.57901 3.97084
threshold=0.62823918396850043 1.0217720220967299 0.99999999999999178 -0.029307187065807757 99.999968706660155 0.36219387616923432 0.0080032868226786267 -0.030824029187710097 0.18181818104563421 1.0000000180025095e-35 0.17900536332389613 0.37946996952236711 0.7499987500026043 -0.0017662645039588918
decision_type=2 2 2 2 2 2 2 2 2 2 2 2 2 2
left_child=5 2 13 -3 -5 6 11 -8 10 -10 -7 -1 -4 -2
right_child=1 3 12 4 -6 8 7 -9 9 -11 -12 -13 -14 -15
leaf_value=-0.01188901068566618 0.0040563516799583185 0.047248289481013631 0.0089423603122210111 -0.033057755408905418 0.014874584616332965 -0.0051330041749055311 -0.0031559607376800088 0.013085316863665028 0.0048060508094302399 -0.010713806753149547 -0.041410548796870408 0.0040614903491625618 0.043942496466532643 -0.016313387193886995
leaf_weight=212.36190801858902 37.263609051704407 5.1187708228826514 28.416862472891808 53.983947701752186 12.856402501463888 536.36315339617431 307.31264605745673 501.93420251831412 621.26283824816346 166.62582238018513 10.810657784342764 69.900979802012444 13.923594832420347 66.838293936103582
leaf_count=1592 232 22 115 266 53 3839 1477 2572 3456 1098 73 289 56 358
internal_value=-2.5607e-05 -0.00652356 -0.00050022 -0.0187815 -0.0238382 0.000559235 0.00307577 0.00691767 -0.00149821 0.00152385 -0.00584975 -0.00793895 0.0204521 -0.00902197
internal_weight=2644.97 218.401 146.442 71.9591 66.8404 2426.57 1091.51 809.247 1335.06 787.889 547.174 282.263 42.3405 104.102
internal_count=15498 1102 761 341 319 14396 5930 4049 8466 4554 3912 1881 171 590
is_linear=0
shrinkage=0.05


Tree=97
num_leaves=15
num_cat=0
split_feature=7 7 8 0 7 4 3 1 4 9 7 8 2 7
split_gain=4.00879 21.2513 9.85389 13.7364 7.56307 14.8224 10.494 5.7967 5.13866 8.87475 7.1872 4.80112 12.2308 6.60763
threshold=0.32322329844045117 0.32385198315003449 0.10478844238784364 0.14285712414966237 0.16091159005619574 -0.017173741720751642 -0.062055961778953499 0.93333324000001039 -0.018128313031898987 30.979682752887694 0.32277912109349588 0.00022008294723458317 0.27692307053254461 0.67677647595974666
decision_type=2 2 2 2 2 2 2 2 2 2 2 2 2 2
left_child=4 2 3 -2 5 6 -1 -4 9 -6 -10 12 -3 -13
right_child=1 11 7 -5 8 -7 -8 -9 10 -11 -12 13 -14 -15
leaf_value=-0.0086329508543701583 0.046636436624892669 -0.0056007254354855044 -0.0028012689235733007 0.012247350640160054 -0.020405366777995329 -0.022500417006857499 0.015765660342575358 0.036318720030955189 0.001703686403752533 0.0023252938024772608 -0.0101693515660692 -0.0040730737009839523 0.02126845631572357 0.0037725312220638569
leaf_weight=59.136762082576752 47.569624736905098 88.365475155413151 66.014647379517555 74.54039092361927 120.49628735519946 42.712084768339992 172.98781239241362 11.055222779512404 343.2314477711916 66.71669639274478 202.75423238798976 879.30968693457544 81.338302746415138 386.25662544369698
leaf_count=301 194 374 285 331 1183 774 977 45 1865 459 956 5305 338 2111
internal_value=-2.51144e-05 0.00150429 0.0168089 0.0256441 -0.00250492 0.00456891 0.0095498 0.00281027 -0.00515652 -0.0123049 -0.00270542 -0.000619604 0.00727756 -0.00167856
internal_weight=2642.49 1634.45 199.18 122.11 1008.04 274.837 232.125 77.0699 733.199 187.213 545.986 1435.27 169.704 1265.57
internal_count=15498 8983 855 525 6515 2052 1278 330 4463 1642 2821 8128 712 7416
is_linear=0
shrinkage=0.05


Tree=98
num_leaves=15
num_cat=0
split_feature=5 9 1 2 7 7 9 1 2 0 0 9 8 0
split_gain=3.97215 16.9575 11.8518 15.1413 9.25416 13.3489 13.5537 7.60913 6.60464 6.58568 6.41669 5.99492 5.2519 5.19028
threshold=0.0037523584241502266 42.857142551785721 0.090909090220385694 0.39382007718292467 0.6767766952742903 0.67677647595974666 72.393665230572154 0.43939393929407716 0.60361087316399631 0.72776679789094711 0.43959225583805234 62.027695611488191 0.086005556141546396 0.26666666592592597
decision_type=2 2 2 2 2 2 2 2 2 2 2 2 2 2
left_child=4 7 8 -4 5 6 -1 -2 -3 12 -7 -11 -6 -9
right_child=1 2 3 -5 9 10 -8 13 -10 11 -12 -13 -14 -15
leaf_value=-0.00024869662140172827 -0.0012321708094459967 0.065512253722679992 0.016836361297844073 -0.018421428832742767 -0.035605638910182112 0.033979081694986667 -0.031501759250668525 0.0068213001996893681 5.5275411604992516e-05 -0.035677806875055937 0.0088530303806367439 0.0095415313190204808 -0.011566612013221943 -0.050872546017373468
leaf_weight=2087.5491382759064 27.743814989924431 15.249820955097677 131.23489762842655 39.650364607572556 35.553130511194468 35.834345281124115 35.276855211704969 4.8606712371110943 5.1568551808595648 8.8436137661337835 87.347084477543831 42.810605362057686 62.949775360524654 19.688457440584898
leaf_count=12316 170 76 883 191 196 146 210 22 23 78 376 293 322 196
internal_value=-2.45434e-05 0.00605869 0.0129563 0.00865553 -0.000642942 0.000160487 -0.000768056 -0.0191734 0.048971 -0.0126604 0.0161624 0.00179962 -0.0202431 -0.0394493
internal_weight=2639.75 243.585 191.292 170.885 2396.16 2246.01 2122.83 52.2929 20.4067 150.157 123.181 51.6542 98.5029 24.5491
internal_count=15498 1561 1173 1074 13937 13048 12526 388 99 889 522 371 518 218
is_linear=0
shrinkage=0.05


Tree=99
num_leaves=15
num_cat=0
split_feature=7 7 8 6 6 8 8 5 6 6 9 1 2 9
split_gain=3.61539 24.6283 13.1845 12.5763 8.32766 7.21368 7.2444 7.10548 6.44331 6.31478 6.21152 5.72635 5.15622 4.52845
threshold=0.32322330047089348 0.32385198315003449 0.08442769987504431 0.75687164849042265 0.99999999999999178 0.15559297542076625 0.15873948436121968 -0.087365601262338985 1.2624451616540127 1.2754635191274986 29.319137785953597 0.34042552805190901 0.62823918396850043 13.999375925820134
decision_type=2 2 2 2 2 2 2 2 2 2 2 2 2 2
left_child=5 2 8 -4 7 9 -7 -3 -2 12 -11 -8 -1 -6
right_child=1 4 3 -5 13 6 11 -9 -10 10 -12 -13 -14 -15
leaf_value=-0.0025572181506631556 0.029191941755272802 0.038307272686596949 0.053430672001078844 -0.0010052980821089283 0.0078077361078720993 0.043204472136829257 0.0099606502945745311 -0.0050400024324670778 0.070090457456029251 -0.024216562789365167 0.01499893387597942 -0.0027921562282713602 -0.023979017532853784 -0.00020722125092627257
leaf_weight=543.9882383979857 63.09998394548893 9.5831191167235357 12.374477706849573 74.417760133743286 304.35072200745344 10.934988193213938 139.65802036225796 700.9523909855634 11.364611282944677 69.707253750413656 11.808215811848639 238.09269199706614 29.620002556592226 418.65137981623411
leaf_count=3738 274 50 59 312 1274 63 749 4529 47 368 75 1493 192 2275
internal_value=-2.45649e-05 0.00147277 0.0199987 0.00675596 -0.000611189 -0.00231228 0.00308407 -0.00445537 0.0354338 -0.00551394 -0.0185359 0.00192268 -0.0036634 0.00316671
internal_weight=2638.6 1594.79 161.257 86.7922 1433.54 1043.81 388.686 710.536 74.4646 655.124 81.5155 377.751 573.608 723.002
internal_count=15498 8820 692 371 8128 6678 2305 4579 321 4373 443 2242 3930 3549
is_linear=0
shrinkage=0.05


end of trees

feature_importances:
Column_0=194
Column_4=161
Column_5=156
Column_6=145
Column_8=132
Column_7=125
Column_1=123
Column_2=117
Column_9=102
Column_3=83

parameters:
[boosting: gbdt]
[objective: binary]
[metric: binary_logloss]
[tree_learner: serial]
[device_type: cpu]
[data_sample_strategy: bagging]
[data: ]
[valid: ]
[num_iterations: 100]
[learning_rate: 0.05]
[num_leaves: 15]
[num_threads: 0]
[seed: 42]
[deterministic: 0]
[force_col_wise: 0]
[force_row_wise: 0]
[histogram_pool_size: -1]
[max_depth: 4]
[min_data_in_leaf: 20]
[min_sum_hessian_in_leaf: 0.001]
[bagging_fraction: 1]
[pos_bagging_fraction: 1]
[neg_bagging_fraction: 1]
[bagging_freq: 0]
[bagging_seed: 400]
[bagging_by_query: 0]
[feature_fraction: 0.8]
[feature_fraction_bynode: 1]
[feature_fraction_seed: 30056]
[extra_trees: 0]
[extra_seed: 12879]
[early_stopping_round: 0]
[early_stopping_min_delta: 0]
[first_metric_only: 0]
[max_delta_step: 0]
[lambda_l1: 0]
[lambda_l2: 0]
[linear_lambda: 0]
[min_gain_to_split: 0]
[drop_rate: 0.1]
[max_drop: 50]
[skip_drop: 0.5]
[xgboost_dart_mode: 0]
[uniform_drop: 0]
[drop_seed: 17869]
[top_rate: 0.2]
[other_rate: 0.1]
[min_data_per_group: 100]
[max_cat_threshold: 32]
[cat_l2: 10]
[cat_smooth: 10]
[max_cat_to_onehot: 4]
[top_k: 20]
[monotone_constraints: ]
[monotone_constraints_method: basic]
[monotone_penalty: 0]
[feature_contri: ]
[forcedsplits_filename: ]
[refit_decay_rate: 0.9]
[cegb_tradeoff: 1]
[cegb_penalty_split: 0]
[cegb_penalty_feature_lazy: ]
[cegb_penalty_feature_coupled: ]
[path_smooth: 0]
[interaction_constraints: ]
[verbosity: -1]
[saved_feature_importance_type: 0]
[use_quantized_grad: 0]
[num_grad_quant_bins: 4]
[quant_train_renew_leaf: 0]
[stochastic_rounding: 1]
[linear_tree: 0]
[max_bin: 255]
[max_bin_by_feature: ]
[min_data_in_bin: 3]
[bin_construct_sample_cnt: 200000]
[data_random_seed: 175]
[is_enable_sparse: 1]
[enable_bundle: 1]
[use_missing: 1]
[zero_as_missing: 0]
[feature_pre_filter: 1]
[pre_partition: 0]
[two_round: 0]
[header: 0]
[label_column: ]
[weight_column: ]
[group_column: ]
[ignore_column: ]
[categorical_feature: ]
[forcedbins_filename: ]
[precise_float_parser: 0]
[parser_config_file: ]
[objective_seed: 16083]
[num_class: 1]
[is_unbalance: 0]
[scale_pos_weight: 1]
[sigmoid: 1]
[boost_from_average: 1]
[reg_sqrt: 0]
[alpha: 0.9]
[fair_c: 1]
[poisson_max_delta_step: 0.7]
[tweedie_variance_power: 1.5]
[lambdarank_truncation_level: 30]
[lambdarank_norm: 1]
[label_gain: ]
[lambdarank_position_bias_regularization: 0]
[eval_at: ]
[multi_error_top_k: 1]
[auc_mu_weights: ]
[num_machines: 1]
[local_listen_port: 12400]
[time_out: 120]
[machine_list_filename: ]
[machines: ]
[gpu_platform_id: -1]
[gpu_device_id: -1]
[gpu_use_dp: 0]
[num_gpu: 1]

end of parameters

pandas_categorical:null
